PopulationVaccinated,MajorityVaccinated
0,NV
0.01,NV
0.02,NV
0.03,NV
0.04,NV
0.05,NV
0.06,NV
0.07,NV
0.08,NV
0.09,NV
0.1,NV
0.11,NV
0.12,NV
0.13,NV
0.14,NV
0.15,NV
0.16,NV
0.17,NV
0.18,NV
0.19,NV
0.2,NV
0.21,NV
0.22,NV
0.23,NV
0.24,NV
0.25,NV
0.26,NV
0.27,NV
0.28,NV
0.29,NV
0.3,NV
0.31,NV
0.32,NV
0.33,NV
0.34,NV
0.35,NV
0.36,NV
0.37,NV
0.38,NV
0.39,NV
0.4,NV
0.41,NV
0.42,NV
0.43,NV
0.44,NV
0.45,NV
0.46,NV
0.47,NV
0.48,NV
0.49,NV
0.5,NV
0.51,NV
0.52,NV
0.53,NV
0.54,NV
0.55,NV
0.56,NV
0.57,NV
0.58,NV
0.59,NV
0.6,NV
0.61,NV
0.62,NV
0.63,NV
0.64,NV
0.65,NV
0.66,NV
0.67,NV
0.68,NV
0.69,NV
0.7,NV
0.71,NV
0.72,NV
0.73,NV
0.74,NV
0.75,NV
0.76,NV
0.77,NV
0.78,NV
0.79,NV
0.8,NV
0.81,NV
0.82,NV
0.83,NV
0.84,NV
0.85,NV
0.86,NV
0.87,NV
0.88,NV
0.89,NV
0.9,NV
0.91,NV
0.92,NV
0.93,NV
0.94,NV
0.95,NV
0.96,NV
0.97,NV
0.98,NV
0.99,NV
1,NV
1.01,NV
1.02,NV
1.03,NV
1.04,NV
1.05,NV
1.06,NV
1.07,NV
1.08,NV
1.09,NV
1.1,NV
1.11,NV
1.12,NV
1.13,NV
1.14,NV
1.15,NV
1.16,NV
1.17,NV
1.18,NV
1.19,NV
1.2,NV
1.21,NV
1.22,NV
1.23,NV
1.24,NV
1.25,NV
1.26,NV
1.27,NV
1.28,NV
1.29,NV
1.3,NV
1.31,NV
1.32,NV
1.33,NV
1.34,NV
1.35,NV
1.36,NV
1.37,NV
1.38,NV
1.39,NV
1.4,NV
1.41,NV
1.42,NV
1.43,NV
1.44,NV
1.45,NV
1.46,NV
1.47,NV
1.48,NV
1.49,NV
1.5,NV
1.51,NV
1.52,NV
1.53,NV
1.54,NV
1.55,NV
1.56,NV
1.57,NV
1.58,NV
1.59,NV
1.6,NV
1.61,NV
1.62,NV
1.63,NV
1.64,NV
1.65,NV
1.66,NV
1.67,NV
1.68,NV
1.69,NV
1.7,NV
1.71,NV
1.72,NV
1.73,NV
1.74,NV
1.75,NV
1.76,NV
1.77,NV
1.78,NV
1.79,NV
1.8,NV
1.81,NV
1.82,NV
1.83,NV
1.84,NV
1.85,NV
1.86,NV
1.87,NV
1.88,NV
1.89,NV
1.9,NV
1.91,NV
1.92,NV
1.93,NV
1.94,NV
1.95,NV
1.96,NV
1.97,NV
1.98,NV
1.99,NV
2,NV
2.01,NV
2.02,NV
2.03,NV
2.04,NV
2.05,NV
2.06,NV
2.07,NV
2.08,NV
2.09,NV
2.1,NV
2.11,NV
2.12,NV
2.13,NV
2.14,NV
2.15,NV
2.16,NV
2.17,NV
2.18,NV
2.19,NV
2.2,NV
2.21,NV
2.22,NV
2.23,NV
2.24,NV
2.25,NV
2.26,NV
2.27,NV
2.28,NV
2.29,NV
2.3,NV
2.31,NV
2.32,NV
2.33,NV
2.34,NV
2.35,NV
2.36,NV
2.37,NV
2.38,NV
2.39,NV
2.4,NV
2.41,NV
2.42,NV
2.43,NV
2.44,NV
2.45,NV
2.46,NV
2.47,NV
2.48,NV
2.49,NV
2.5,NV
2.51,NV
2.52,NV
2.53,NV
2.54,NV
2.55,NV
2.56,NV
2.57,NV
2.58,NV
2.59,NV
2.6,NV
2.61,NV
2.62,NV
2.63,NV
2.64,NV
2.65,NV
2.66,NV
2.67,NV
2.68,NV
2.69,NV
2.7,NV
2.71,NV
2.72,NV
2.73,NV
2.74,NV
2.75,NV
2.76,NV
2.77,NV
2.78,NV
2.79,NV
2.8,NV
2.81,NV
2.82,NV
2.83,NV
2.84,NV
2.85,NV
2.86,NV
2.87,NV
2.88,NV
2.89,NV
2.9,NV
2.91,NV
2.92,NV
2.93,NV
2.94,NV
2.95,NV
2.96,NV
2.97,NV
2.98,NV
2.99,NV
3,NV
3.01,NV
3.02,NV
3.03,NV
3.04,NV
3.05,NV
3.06,NV
3.07,NV
3.08,NV
3.09,NV
3.1,NV
3.11,NV
3.12,NV
3.13,NV
3.14,NV
3.15,NV
3.16,NV
3.17,NV
3.18,NV
3.19,NV
3.2,NV
3.21,NV
3.22,NV
3.23,NV
3.24,NV
3.25,NV
3.26,NV
3.27,NV
3.28,NV
3.29,NV
3.3,NV
3.31,NV
3.32,NV
3.33,NV
3.34,NV
3.35,NV
3.36,NV
3.37,NV
3.38,NV
3.39,NV
3.4,NV
3.41,NV
3.42,NV
3.43,NV
3.44,NV
3.45,NV
3.46,NV
3.47,NV
3.48,NV
3.49,NV
3.5,NV
3.51,NV
3.52,NV
3.53,NV
3.54,NV
3.55,NV
3.56,NV
3.57,NV
3.58,NV
3.59,NV
3.6,NV
3.61,NV
3.62,NV
3.63,NV
3.64,NV
3.65,NV
3.66,NV
3.67,NV
3.68,NV
3.69,NV
3.7,NV
3.71,NV
3.72,NV
3.73,NV
3.74,NV
3.75,NV
3.76,NV
3.77,NV
3.78,NV
3.79,NV
3.8,NV
3.81,NV
3.82,NV
3.83,NV
3.84,NV
3.85,NV
3.86,NV
3.87,NV
3.88,NV
3.89,NV
3.9,NV
3.91,NV
3.92,NV
3.93,NV
3.94,NV
3.95,NV
3.96,NV
3.97,NV
3.98,NV
3.99,NV
4,NV
4.01,NV
4.02,NV
4.03,NV
4.04,NV
4.05,NV
4.06,NV
4.07,NV
4.08,NV
4.09,NV
4.1,NV
4.11,NV
4.12,NV
4.13,NV
4.14,NV
4.15,NV
4.16,NV
4.17,NV
4.18,NV
4.19,NV
4.2,NV
4.21,NV
4.22,NV
4.23,NV
4.24,NV
4.25,NV
4.26,NV
4.27,NV
4.28,NV
4.29,NV
4.3,NV
4.31,NV
4.32,NV
4.33,NV
4.34,NV
4.35,NV
4.36,NV
4.37,NV
4.38,NV
4.39,NV
4.4,NV
4.41,NV
4.42,NV
4.43,NV
4.44,NV
4.45,NV
4.46,NV
4.47,NV
4.48,NV
4.49,NV
4.5,NV
4.51,NV
4.52,NV
4.53,NV
4.54,NV
4.55,NV
4.56,NV
4.57,NV
4.58,NV
4.59,NV
4.6,NV
4.61,NV
4.62,NV
4.63,NV
4.64,NV
4.65,NV
4.66,NV
4.67,NV
4.68,NV
4.69,NV
4.7,NV
4.71,NV
4.72,NV
4.73,NV
4.74,NV
4.75,NV
4.76,NV
4.77,NV
4.78,NV
4.79,NV
4.8,NV
4.81,NV
4.82,NV
4.83,NV
4.84,NV
4.85,NV
4.86,NV
4.87,NV
4.88,NV
4.89,NV
4.9,NV
4.91,NV
4.92,NV
4.93,NV
4.94,NV
4.95,NV
4.96,NV
4.97,NV
4.98,NV
4.99,NV
5,NV
5.01,NV
5.02,NV
5.03,NV
5.04,NV
5.05,NV
5.06,NV
5.07,NV
5.08,NV
5.09,NV
5.1,NV
5.11,NV
5.12,NV
5.13,NV
5.14,NV
5.15,NV
5.16,NV
5.17,NV
5.18,NV
5.19,NV
5.2,NV
5.21,NV
5.22,NV
5.23,NV
5.24,NV
5.25,NV
5.26,NV
5.27,NV
5.28,NV
5.29,NV
5.3,NV
5.31,NV
5.32,NV
5.33,NV
5.34,NV
5.35,NV
5.36,NV
5.37,NV
5.38,NV
5.39,NV
5.4,NV
5.41,NV
5.42,NV
5.43,NV
5.44,NV
5.45,NV
5.46,NV
5.47,NV
5.48,NV
5.49,NV
5.5,NV
5.51,NV
5.52,NV
5.53,NV
5.54,NV
5.55,NV
5.56,NV
5.57,NV
5.58,NV
5.59,NV
5.6,NV
5.62,NV
5.63,NV
5.64,NV
5.65,NV
5.66,NV
5.67,NV
5.68,NV
5.69,NV
5.7,NV
5.71,NV
5.72,NV
5.73,NV
5.74,NV
5.75,NV
5.76,NV
5.77,NV
5.78,NV
5.79,NV
5.8,NV
5.81,NV
5.82,NV
5.83,NV
5.84,NV
5.85,NV
5.86,NV
5.87,NV
5.88,NV
5.89,NV
5.9,NV
5.91,NV
5.92,NV
5.93,NV
5.94,NV
5.95,NV
5.96,NV
5.97,NV
5.98,NV
5.99,NV
6,NV
6.01,NV
6.02,NV
6.03,NV
6.04,NV
6.05,NV
6.06,NV
6.07,NV
6.08,NV
6.09,NV
6.1,NV
6.11,NV
6.12,NV
6.13,NV
6.14,NV
6.15,NV
6.16,NV
6.17,NV
6.18,NV
6.19,NV
6.2,NV
6.21,NV
6.22,NV
6.23,NV
6.24,NV
6.25,NV
6.26,NV
6.27,NV
6.28,NV
6.29,NV
6.3,NV
6.31,NV
6.32,NV
6.33,NV
6.34,NV
6.35,NV
6.36,NV
6.37,NV
6.38,NV
6.39,NV
6.4,NV
6.41,NV
6.42,NV
6.43,NV
6.44,NV
6.45,NV
6.46,NV
6.47,NV
6.48,NV
6.49,NV
6.5,NV
6.51,NV
6.52,NV
6.53,NV
6.54,NV
6.55,NV
6.56,NV
6.57,NV
6.58,NV
6.59,NV
6.6,NV
6.61,NV
6.62,NV
6.63,NV
6.64,NV
6.65,NV
6.66,NV
6.67,NV
6.68,NV
6.69,NV
6.7,NV
6.71,NV
6.72,NV
6.73,NV
6.74,NV
6.75,NV
6.76,NV
6.77,NV
6.78,NV
6.79,NV
6.8,NV
6.81,NV
6.82,NV
6.83,NV
6.84,NV
6.85,NV
6.86,NV
6.87,NV
6.88,NV
6.89,NV
6.9,NV
6.91,NV
6.92,NV
6.93,NV
6.94,NV
6.95,NV
6.96,NV
6.97,NV
6.98,NV
6.99,NV
7,NV
7.01,NV
7.02,NV
7.03,NV
7.04,NV
7.05,NV
7.06,NV
7.07,NV
7.08,NV
7.09,NV
7.1,NV
7.11,NV
7.12,NV
7.13,NV
7.14,NV
7.15,NV
7.16,NV
7.17,NV
7.18,NV
7.19,NV
7.2,NV
7.21,NV
7.22,NV
7.23,NV
7.24,NV
7.25,NV
7.26,NV
7.27,NV
7.28,NV
7.29,NV
7.3,NV
7.31,NV
7.32,NV
7.33,NV
7.34,NV
7.35,NV
7.36,NV
7.37,NV
7.38,NV
7.39,NV
7.4,NV
7.42,NV
7.43,NV
7.44,NV
7.45,NV
7.46,NV
7.47,NV
7.48,NV
7.49,NV
7.5,NV
7.51,NV
7.52,NV
7.53,NV
7.54,NV
7.55,NV
7.56,NV
7.57,NV
7.58,NV
7.59,NV
7.6,NV
7.61,NV
7.62,NV
7.63,NV
7.64,NV
7.65,NV
7.66,NV
7.67,NV
7.68,NV
7.69,NV
7.7,NV
7.71,NV
7.72,NV
7.73,NV
7.74,NV
7.75,NV
7.76,NV
7.77,NV
7.78,NV
7.79,NV
7.8,NV
7.81,NV
7.82,NV
7.83,NV
7.84,NV
7.85,NV
7.86,NV
7.87,NV
7.88,NV
7.89,NV
7.9,NV
7.91,NV
7.92,NV
7.93,NV
7.94,NV
7.95,NV
7.96,NV
7.97,NV
7.98,NV
7.99,NV
8,NV
8.01,NV
8.02,NV
8.03,NV
8.04,NV
8.05,NV
8.06,NV
8.07,NV
8.08,NV
8.09,NV
8.1,NV
8.11,NV
8.12,NV
8.13,NV
8.14,NV
8.15,NV
8.16,NV
8.17,NV
8.18,NV
8.19,NV
8.2,NV
8.21,NV
8.22,NV
8.23,NV
8.24,NV
8.25,NV
8.26,NV
8.27,NV
8.28,NV
8.29,NV
8.3,NV
8.31,NV
8.32,NV
8.33,NV
8.34,NV
8.35,NV
8.36,NV
8.37,NV
8.38,NV
8.39,NV
8.4,NV
8.41,NV
8.42,NV
8.43,NV
8.44,NV
8.45,NV
8.46,NV
8.47,NV
8.48,NV
8.49,NV
8.5,NV
8.51,NV
8.52,NV
8.53,NV
8.54,NV
8.55,NV
8.56,NV
8.57,NV
8.58,NV
8.59,NV
8.6,NV
8.61,NV
8.62,NV
8.63,NV
8.64,NV
8.65,NV
8.66,NV
8.67,NV
8.68,NV
8.69,NV
8.7,NV
8.71,NV
8.72,NV
8.73,NV
8.74,NV
8.75,NV
8.76,NV
8.78,NV
8.79,NV
8.8,NV
8.81,NV
8.82,NV
8.83,NV
8.84,NV
8.85,NV
8.86,NV
8.87,NV
8.88,NV
8.89,NV
8.9,NV
8.91,NV
8.93,NV
8.94,NV
8.95,NV
8.96,NV
8.97,NV
8.98,NV
8.99,NV
9,NV
9.01,NV
9.02,NV
9.03,NV
9.04,NV
9.05,NV
9.06,NV
9.07,NV
9.08,NV
9.09,NV
9.1,NV
9.11,NV
9.12,NV
9.13,NV
9.14,NV
9.15,NV
9.16,NV
9.17,NV
9.18,NV
9.19,NV
9.2,NV
9.21,NV
9.22,NV
9.23,NV
9.24,NV
9.25,NV
9.26,NV
9.27,NV
9.28,NV
9.29,NV
9.3,NV
9.31,NV
9.32,NV
9.33,NV
9.34,NV
9.35,NV
9.36,NV
9.37,NV
9.39,NV
9.4,NV
9.41,NV
9.42,NV
9.43,NV
9.44,NV
9.45,NV
9.46,NV
9.47,NV
9.48,NV
9.49,NV
9.5,NV
9.51,NV
9.52,NV
9.53,NV
9.54,NV
9.55,NV
9.56,NV
9.57,NV
9.58,NV
9.59,NV
9.6,NV
9.61,NV
9.62,NV
9.63,NV
9.64,NV
9.65,NV
9.66,NV
9.67,NV
9.68,NV
9.69,NV
9.7,NV
9.71,NV
9.72,NV
9.73,NV
9.74,NV
9.75,NV
9.76,NV
9.77,NV
9.78,NV
9.79,NV
9.8,NV
9.81,NV
9.82,NV
9.83,NV
9.84,NV
9.85,NV
9.86,NV
9.87,NV
9.88,NV
9.89,NV
9.9,NV
9.91,NV
9.92,NV
9.93,NV
9.94,NV
9.95,NV
9.96,NV
9.97,NV
9.98,NV
9.99,NV
10,NV
10.01,NV
10.02,NV
10.03,NV
10.04,NV
10.05,NV
10.06,NV
10.07,NV
10.08,NV
10.09,NV
10.1,NV
10.11,NV
10.12,NV
10.13,NV
10.14,NV
10.15,NV
10.16,NV
10.17,NV
10.18,NV
10.19,NV
10.2,NV
10.21,NV
10.22,NV
10.23,NV
10.24,NV
10.25,NV
10.26,NV
10.27,NV
10.28,NV
10.29,NV
10.3,NV
10.31,NV
10.32,NV
10.33,NV
10.34,NV
10.35,NV
10.36,NV
10.37,NV
10.38,NV
10.39,NV
10.4,NV
10.41,NV
10.42,NV
10.43,NV
10.44,NV
10.45,NV
10.46,NV
10.47,NV
10.49,NV
10.5,NV
10.51,NV
10.52,NV
10.53,NV
10.54,NV
10.55,NV
10.56,NV
10.57,NV
10.58,NV
10.59,NV
10.6,NV
10.61,NV
10.62,NV
10.63,NV
10.64,NV
10.65,NV
10.66,NV
10.67,NV
10.68,NV
10.69,NV
10.7,NV
10.71,NV
10.72,NV
10.73,NV
10.74,NV
10.75,NV
10.76,NV
10.77,NV
10.78,NV
10.79,NV
10.8,NV
10.81,NV
10.82,NV
10.83,NV
10.84,NV
10.85,NV
10.86,NV
10.87,NV
10.88,NV
10.89,NV
10.9,NV
10.91,NV
10.92,NV
10.93,NV
10.94,NV
10.95,NV
10.96,NV
10.97,NV
10.98,NV
10.99,NV
11,NV
11.01,NV
11.02,NV
11.03,NV
11.04,NV
11.05,NV
11.06,NV
11.07,NV
11.08,NV
11.09,NV
11.1,NV
11.11,NV
11.12,NV
11.13,NV
11.14,NV
11.15,NV
11.16,NV
11.17,NV
11.18,NV
11.19,NV
11.2,NV
11.21,NV
11.22,NV
11.23,NV
11.24,NV
11.25,NV
11.26,NV
11.27,NV
11.28,NV
11.29,NV
11.3,NV
11.32,NV
11.33,NV
11.34,NV
11.35,NV
11.36,NV
11.37,NV
11.38,NV
11.39,NV
11.4,NV
11.41,NV
11.42,NV
11.43,NV
11.44,NV
11.45,NV
11.46,NV
11.47,NV
11.48,NV
11.49,NV
11.5,NV
11.51,NV
11.52,NV
11.53,NV
11.54,NV
11.55,NV
11.56,NV
11.57,NV
11.58,NV
11.59,NV
11.6,NV
11.61,NV
11.62,NV
11.63,NV
11.64,NV
11.65,NV
11.66,NV
11.67,NV
11.68,NV
11.69,NV
11.7,NV
11.71,NV
11.72,NV
11.73,NV
11.74,NV
11.75,NV
11.76,NV
11.77,NV
11.78,NV
11.79,NV
11.8,NV
11.81,NV
11.82,NV
11.83,NV
11.84,NV
11.85,NV
11.86,NV
11.87,NV
11.88,NV
11.89,NV
11.9,NV
11.91,NV
11.92,NV
11.93,NV
11.94,NV
11.95,NV
11.96,NV
11.97,NV
11.98,NV
11.99,NV
12,NV
12.01,NV
12.02,NV
12.03,NV
12.04,NV
12.05,NV
12.06,NV
12.07,NV
12.08,NV
12.09,NV
12.1,NV
12.11,NV
12.12,NV
12.13,NV
12.14,NV
12.15,NV
12.16,NV
12.17,NV
12.18,NV
12.19,NV
12.2,NV
12.21,NV
12.23,NV
12.24,NV
12.25,NV
12.26,NV
12.27,NV
12.28,NV
12.29,NV
12.3,NV
12.31,NV
12.32,NV
12.33,NV
12.34,NV
12.35,NV
12.36,NV
12.37,NV
12.38,NV
12.39,NV
12.4,NV
12.41,NV
12.42,NV
12.43,NV
12.44,NV
12.45,NV
12.46,NV
12.47,NV
12.48,NV
12.49,NV
12.5,NV
12.51,NV
12.52,NV
12.53,NV
12.54,NV
12.55,NV
12.56,NV
12.57,NV
12.58,NV
12.59,NV
12.6,NV
12.61,NV
12.62,NV
12.63,NV
12.64,NV
12.65,NV
12.66,NV
12.67,NV
12.68,NV
12.69,NV
12.7,NV
12.71,NV
12.72,NV
12.73,NV
12.74,NV
12.75,NV
12.76,NV
12.77,NV
12.78,NV
12.79,NV
12.8,NV
12.81,NV
12.82,NV
12.83,NV
12.84,NV
12.85,NV
12.86,NV
12.87,NV
12.88,NV
12.89,NV
12.9,NV
12.91,NV
12.92,NV
12.93,NV
12.94,NV
12.95,NV
12.96,NV
12.97,NV
12.98,NV
12.99,NV
13,NV
13.01,NV
13.02,NV
13.03,NV
13.04,NV
13.05,NV
13.06,NV
13.07,NV
13.08,NV
13.09,NV
13.1,NV
13.11,NV
13.12,NV
13.13,NV
13.14,NV
13.15,NV
13.16,NV
13.17,NV
13.18,NV
13.19,NV
13.2,NV
13.21,NV
13.22,NV
13.23,NV
13.24,NV
13.25,NV
13.26,NV
13.27,NV
13.28,NV
13.29,NV
13.3,NV
13.31,NV
13.32,NV
13.33,NV
13.34,NV
13.35,NV
13.36,NV
13.37,NV
13.38,NV
13.39,NV
13.4,NV
13.41,NV
13.42,NV
13.44,NV
13.45,NV
13.46,NV
13.47,NV
13.48,NV
13.49,NV
13.5,NV
13.51,NV
13.52,NV
13.53,NV
13.54,NV
13.56,NV
13.57,NV
13.58,NV
13.59,NV
13.6,NV
13.61,NV
13.62,NV
13.63,NV
13.64,NV
13.65,NV
13.66,NV
13.67,NV
13.68,NV
13.69,NV
13.7,NV
13.71,NV
13.72,NV
13.73,NV
13.74,NV
13.75,NV
13.76,NV
13.77,NV
13.78,NV
13.79,NV
13.8,NV
13.81,NV
13.82,NV
13.83,NV
13.84,NV
13.85,NV
13.86,NV
13.87,NV
13.88,NV
13.89,NV
13.9,NV
13.91,NV
13.92,NV
13.93,NV
13.94,NV
13.95,NV
13.96,NV
13.97,NV
13.98,NV
13.99,NV
14,NV
14.01,NV
14.02,NV
14.03,NV
14.04,NV
14.05,NV
14.06,NV
14.07,NV
14.08,NV
14.09,NV
14.11,NV
14.12,NV
14.13,NV
14.14,NV
14.15,NV
14.16,NV
14.17,NV
14.18,NV
14.19,NV
14.2,NV
14.21,NV
14.22,NV
14.23,NV
14.24,NV
14.25,NV
14.26,NV
14.27,NV
14.28,NV
14.29,NV
14.3,NV
14.31,NV
14.32,NV
14.33,NV
14.34,NV
14.35,NV
14.36,NV
14.37,NV
14.38,NV
14.39,NV
14.4,NV
14.41,NV
14.42,NV
14.43,NV
14.44,NV
14.45,NV
14.46,NV
14.47,NV
14.48,NV
14.49,NV
14.5,NV
14.51,NV
14.52,NV
14.53,NV
14.54,NV
14.55,NV
14.56,NV
14.57,NV
14.58,NV
14.59,NV
14.6,NV
14.61,NV
14.62,NV
14.63,NV
14.64,NV
14.65,NV
14.66,NV
14.67,NV
14.68,NV
14.69,NV
14.7,NV
14.71,NV
14.72,NV
14.73,NV
14.74,NV
14.75,NV
14.76,NV
14.77,NV
14.78,NV
14.79,NV
14.8,NV
14.81,NV
14.82,NV
14.83,NV
14.84,NV
14.85,NV
14.86,NV
14.87,NV
14.88,NV
14.89,NV
14.9,NV
14.91,NV
14.92,NV
14.93,NV
14.94,NV
14.95,NV
14.96,NV
14.97,NV
14.98,NV
14.99,NV
15,NV
15.01,NV
15.02,NV
15.03,NV
15.04,NV
15.05,NV
15.06,NV
15.07,NV
15.08,NV
15.09,NV
15.1,NV
15.11,NV
15.12,NV
15.13,NV
15.14,NV
15.15,NV
15.16,NV
15.17,NV
15.18,NV
15.19,NV
15.2,NV
15.21,NV
15.22,NV
15.23,NV
15.24,NV
15.25,NV
15.26,NV
15.27,NV
15.28,NV
15.29,NV
15.3,NV
15.31,NV
15.32,NV
15.34,NV
15.35,NV
15.36,NV
15.37,NV
15.38,NV
15.39,NV
15.4,NV
15.41,NV
15.42,NV
15.43,NV
15.44,NV
15.45,NV
15.46,NV
15.47,NV
15.48,NV
15.49,NV
15.5,NV
15.51,NV
15.52,NV
15.54,NV
15.55,NV
15.56,NV
15.57,NV
15.58,NV
15.59,NV
15.61,NV
15.62,NV
15.63,NV
15.64,NV
15.65,NV
15.66,NV
15.67,NV
15.68,NV
15.69,NV
15.7,NV
15.71,NV
15.72,NV
15.73,NV
15.74,NV
15.75,NV
15.76,NV
15.77,NV
15.78,NV
15.79,NV
15.8,NV
15.81,NV
15.82,NV
15.83,NV
15.84,NV
15.85,NV
15.86,NV
15.87,NV
15.88,NV
15.89,NV
15.9,NV
15.91,NV
15.92,NV
15.93,NV
15.94,NV
15.95,NV
15.96,NV
15.97,NV
15.98,NV
15.99,NV
16,NV
16.01,NV
16.02,NV
16.03,NV
16.04,NV
16.05,NV
16.06,NV
16.07,NV
16.08,NV
16.09,NV
16.1,NV
16.11,NV
16.12,NV
16.13,NV
16.14,NV
16.15,NV
16.16,NV
16.17,NV
16.18,NV
16.19,NV
16.2,NV
16.21,NV
16.22,NV
16.23,NV
16.25,NV
16.26,NV
16.27,NV
16.28,NV
16.29,NV
16.3,NV
16.31,NV
16.32,NV
16.33,NV
16.34,NV
16.35,NV
16.36,NV
16.37,NV
16.38,NV
16.39,NV
16.4,NV
16.41,NV
16.42,NV
16.43,NV
16.44,NV
16.45,NV
16.46,NV
16.47,NV
16.48,NV
16.5,NV
16.51,NV
16.52,NV
16.53,NV
16.54,NV
16.55,NV
16.56,NV
16.57,NV
16.58,NV
16.6,NV
16.61,NV
16.62,NV
16.63,NV
16.64,NV
16.65,NV
16.66,NV
16.67,NV
16.68,NV
16.69,NV
16.7,NV
16.71,NV
16.72,NV
16.73,NV
16.74,NV
16.75,NV
16.76,NV
16.77,NV
16.78,NV
16.79,NV
16.8,NV
16.81,NV
16.82,NV
16.83,NV
16.84,NV
16.85,NV
16.86,NV
16.87,NV
16.88,NV
16.89,NV
16.9,NV
16.91,NV
16.93,NV
16.94,NV
16.95,NV
16.96,NV
16.97,NV
16.98,NV
16.99,NV
17,NV
17.01,NV
17.02,NV
17.03,NV
17.04,NV
17.05,NV
17.06,NV
17.07,NV
17.08,NV
17.09,NV
17.1,NV
17.11,NV
17.12,NV
17.13,NV
17.14,NV
17.15,NV
17.16,NV
17.17,NV
17.18,NV
17.19,NV
17.2,NV
17.21,NV
17.22,NV
17.23,NV
17.24,NV
17.25,NV
17.26,NV
17.27,NV
17.28,NV
17.29,NV
17.3,NV
17.31,NV
17.32,NV
17.33,NV
17.34,NV
17.35,NV
17.36,NV
17.37,NV
17.38,NV
17.39,NV
17.4,NV
17.41,NV
17.42,NV
17.43,NV
17.44,NV
17.45,NV
17.46,NV
17.47,NV
17.48,NV
17.49,NV
17.5,NV
17.51,NV
17.52,NV
17.53,NV
17.54,NV
17.55,NV
17.56,NV
17.57,NV
17.58,NV
17.59,NV
17.6,NV
17.61,NV
17.62,NV
17.63,NV
17.64,NV
17.65,NV
17.66,NV
17.67,NV
17.68,NV
17.69,NV
17.7,NV
17.71,NV
17.72,NV
17.73,NV
17.74,NV
17.75,NV
17.76,NV
17.77,NV
17.78,NV
17.79,NV
17.8,NV
17.81,NV
17.82,NV
17.83,NV
17.84,NV
17.85,NV
17.86,NV
17.87,NV
17.88,NV
17.89,NV
17.9,NV
17.91,NV
17.92,NV
17.93,NV
17.94,NV
17.95,NV
17.96,NV
17.97,NV
17.99,NV
18,NV
18.01,NV
18.02,NV
18.03,NV
18.04,NV
18.05,NV
18.06,NV
18.07,NV
18.08,NV
18.09,NV
18.1,NV
18.11,NV
18.12,NV
18.13,NV
18.14,NV
18.15,NV
18.17,NV
18.18,NV
18.19,NV
18.2,NV
18.21,NV
18.22,NV
18.23,NV
18.24,NV
18.25,NV
18.26,NV
18.28,NV
18.29,NV
18.3,NV
18.31,NV
18.32,NV
18.33,NV
18.34,NV
18.35,NV
18.36,NV
18.37,NV
18.38,NV
18.39,NV
18.41,NV
18.42,NV
18.43,NV
18.44,NV
18.45,NV
18.46,NV
18.47,NV
18.48,NV
18.49,NV
18.5,NV
18.51,NV
18.53,NV
18.54,NV
18.55,NV
18.56,NV
18.57,NV
18.58,NV
18.59,NV
18.6,NV
18.61,NV
18.62,NV
18.63,NV
18.64,NV
18.65,NV
18.66,NV
18.67,NV
18.68,NV
18.69,NV
18.7,NV
18.71,NV
18.72,NV
18.73,NV
18.74,NV
18.75,NV
18.76,NV
18.77,NV
18.78,NV
18.79,NV
18.8,NV
18.81,NV
18.82,NV
18.83,NV
18.84,NV
18.85,NV
18.86,NV
18.87,NV
18.88,NV
18.89,NV
18.9,NV
18.91,NV
18.92,NV
18.93,NV
18.94,NV
18.95,NV
18.97,NV
18.98,NV
18.99,NV
19,NV
19.01,NV
19.02,NV
19.03,NV
19.04,NV
19.05,NV
19.06,NV
19.07,NV
19.08,NV
19.09,NV
19.1,NV
19.11,NV
19.12,NV
19.13,NV
19.14,NV
19.15,NV
19.16,NV
19.17,NV
19.18,NV
19.19,NV
19.2,NV
19.21,NV
19.22,NV
19.23,NV
19.24,NV
19.25,NV
19.26,NV
19.27,NV
19.28,NV
19.29,NV
19.3,NV
19.31,NV
19.32,NV
19.33,NV
19.34,NV
19.36,NV
19.37,NV
19.39,NV
19.4,NV
19.41,NV
19.42,NV
19.43,NV
19.44,NV
19.45,NV
19.46,NV
19.47,NV
19.48,NV
19.49,NV
19.5,NV
19.51,NV
19.52,NV
19.53,NV
19.54,NV
19.55,NV
19.56,NV
19.57,NV
19.58,NV
19.59,NV
19.6,NV
19.61,NV
19.62,NV
19.63,NV
19.64,NV
19.65,NV
19.66,NV
19.67,NV
19.68,NV
19.69,NV
19.7,NV
19.71,NV
19.72,NV
19.73,NV
19.74,NV
19.75,NV
19.76,NV
19.77,NV
19.78,NV
19.79,NV
19.8,NV
19.81,NV
19.82,NV
19.83,NV
19.84,NV
19.85,NV
19.86,NV
19.87,NV
19.88,NV
19.89,NV
19.9,NV
19.91,NV
19.92,NV
19.93,NV
19.94,NV
19.95,NV
19.96,NV
19.97,NV
19.98,NV
19.99,NV
20,NV
20.01,NV
20.02,NV
20.03,NV
20.04,NV
20.05,NV
20.06,NV
20.07,NV
20.08,NV
20.09,NV
20.1,NV
20.11,NV
20.12,NV
20.13,NV
20.14,NV
20.15,NV
20.16,NV
20.17,NV
20.18,NV
20.19,NV
20.2,NV
20.21,NV
20.22,NV
20.23,NV
20.24,NV
20.25,NV
20.26,NV
20.27,NV
20.28,NV
20.29,NV
20.3,NV
20.31,NV
20.32,NV
20.33,NV
20.34,NV
20.35,NV
20.36,NV
20.37,NV
20.38,NV
20.39,NV
20.4,NV
20.41,NV
20.42,NV
20.43,NV
20.44,NV
20.45,NV
20.46,NV
20.47,NV
20.48,NV
20.49,NV
20.5,NV
20.51,NV
20.52,NV
20.53,NV
20.54,NV
20.55,NV
20.56,NV
20.57,NV
20.58,NV
20.59,NV
20.6,NV
20.61,NV
20.62,NV
20.63,NV
20.64,NV
20.65,NV
20.66,NV
20.67,NV
20.68,NV
20.69,NV
20.71,NV
20.72,NV
20.73,NV
20.74,NV
20.75,NV
20.76,NV
20.77,NV
20.78,NV
20.79,NV
20.8,NV
20.81,NV
20.82,NV
20.83,NV
20.84,NV
20.85,NV
20.86,NV
20.87,NV
20.88,NV
20.89,NV
20.9,NV
20.91,NV
20.92,NV
20.93,NV
20.94,NV
20.95,NV
20.96,NV
20.97,NV
20.98,NV
20.99,NV
21,NV
21.01,NV
21.02,NV
21.03,NV
21.04,NV
21.05,NV
21.06,NV
21.07,NV
21.08,NV
21.09,NV
21.1,NV
21.11,NV
21.12,NV
21.14,NV
21.15,NV
21.16,NV
21.17,NV
21.18,NV
21.19,NV
21.2,NV
21.21,NV
21.22,NV
21.23,NV
21.24,NV
21.25,NV
21.26,NV
21.27,NV
21.28,NV
21.29,NV
21.3,NV
21.31,NV
21.32,NV
21.33,NV
21.35,NV
21.36,NV
21.37,NV
21.38,NV
21.39,NV
21.41,NV
21.42,NV
21.43,NV
21.44,NV
21.45,NV
21.46,NV
21.47,NV
21.48,NV
21.49,NV
21.5,NV
21.51,NV
21.52,NV
21.53,NV
21.54,NV
21.55,NV
21.56,NV
21.57,NV
21.58,NV
21.59,NV
21.6,NV
21.61,NV
21.62,NV
21.63,NV
21.64,NV
21.65,NV
21.66,NV
21.67,NV
21.68,NV
21.69,NV
21.7,NV
21.71,NV
21.72,NV
21.73,NV
21.75,NV
21.76,NV
21.77,NV
21.78,NV
21.79,NV
21.8,NV
21.81,NV
21.82,NV
21.83,NV
21.84,NV
21.85,NV
21.86,NV
21.87,NV
21.88,NV
21.89,NV
21.91,NV
21.92,NV
21.93,NV
21.94,NV
21.95,NV
21.96,NV
21.97,NV
21.98,NV
21.99,NV
22,NV
22.02,NV
22.03,NV
22.04,NV
22.05,NV
22.06,NV
22.07,NV
22.08,NV
22.09,NV
22.1,NV
22.11,NV
22.12,NV
22.13,NV
22.14,NV
22.15,NV
22.16,NV
22.17,NV
22.18,NV
22.19,NV
22.2,NV
22.21,NV
22.22,NV
22.23,NV
22.24,NV
22.25,NV
22.26,NV
22.27,NV
22.28,NV
22.29,NV
22.3,NV
22.31,NV
22.32,NV
22.33,NV
22.34,NV
22.35,NV
22.36,NV
22.37,NV
22.38,NV
22.39,NV
22.4,NV
22.41,NV
22.42,NV
22.43,NV
22.44,NV
22.45,NV
22.46,NV
22.47,NV
22.48,NV
22.49,NV
22.5,NV
22.52,NV
22.53,NV
22.54,NV
22.55,NV
22.56,NV
22.57,NV
22.58,NV
22.59,NV
22.6,NV
22.61,NV
22.62,NV
22.63,NV
22.64,NV
22.65,NV
22.66,NV
22.67,NV
22.68,NV
22.69,NV
22.71,NV
22.72,NV
22.73,NV
22.74,NV
22.75,NV
22.76,NV
22.77,NV
22.78,NV
22.79,NV
22.8,NV
22.81,NV
22.82,NV
22.83,NV
22.84,NV
22.85,NV
22.86,NV
22.87,NV
22.88,NV
22.89,NV
22.91,NV
22.92,NV
22.93,NV
22.94,NV
22.96,NV
22.97,NV
22.98,NV
22.99,NV
23,NV
23.01,NV
23.02,NV
23.03,NV
23.04,NV
23.05,NV
23.06,NV
23.07,NV
23.08,NV
23.09,NV
23.1,NV
23.11,NV
23.12,NV
23.13,NV
23.14,NV
23.15,NV
23.16,NV
23.17,NV
23.18,NV
23.19,NV
23.2,NV
23.21,NV
23.22,NV
23.23,NV
23.24,NV
23.25,NV
23.26,NV
23.27,NV
23.29,NV
23.3,NV
23.31,NV
23.32,NV
23.33,NV
23.34,NV
23.35,NV
23.36,NV
23.37,NV
23.38,NV
23.39,NV
23.4,NV
23.42,NV
23.43,NV
23.44,NV
23.45,NV
23.46,NV
23.47,NV
23.48,NV
23.49,NV
23.5,NV
23.52,NV
23.53,NV
23.54,NV
23.55,NV
23.56,NV
23.57,NV
23.58,NV
23.59,NV
23.6,NV
23.61,NV
23.62,NV
23.63,NV
23.64,NV
23.65,NV
23.66,NV
23.67,NV
23.68,NV
23.69,NV
23.7,NV
23.71,NV
23.72,NV
23.73,NV
23.74,NV
23.75,NV
23.76,NV
23.77,NV
23.78,NV
23.79,NV
23.8,NV
23.81,NV
23.82,NV
23.83,NV
23.84,NV
23.85,NV
23.86,NV
23.87,NV
23.88,NV
23.89,NV
23.9,NV
23.91,NV
23.92,NV
23.93,NV
23.94,NV
23.95,NV
23.96,NV
23.97,NV
23.98,NV
23.99,NV
24,NV
24.01,NV
24.02,NV
24.03,NV
24.04,NV
24.05,NV
24.06,NV
24.07,NV
24.08,NV
24.09,NV
24.1,NV
24.11,NV
24.12,NV
24.13,NV
24.14,NV
24.15,NV
24.16,NV
24.17,NV
24.18,NV
24.19,NV
24.2,NV
24.21,NV
24.22,NV
24.23,NV
24.24,NV
24.25,NV
24.26,NV
24.27,NV
24.28,NV
24.29,NV
24.3,NV
24.31,NV
24.32,NV
24.33,NV
24.34,NV
24.35,NV
24.36,NV
24.37,NV
24.38,NV
24.39,NV
24.4,NV
24.41,NV
24.42,NV
24.43,NV
24.44,NV
24.45,NV
24.46,NV
24.47,NV
24.48,NV
24.49,NV
24.5,NV
24.51,NV
24.53,NV
24.55,NV
24.56,NV
24.57,NV
24.58,NV
24.59,NV
24.6,NV
24.61,NV
24.62,NV
24.63,NV
24.64,NV
24.65,NV
24.67,NV
24.68,NV
24.69,NV
24.7,NV
24.71,NV
24.73,NV
24.74,NV
24.75,NV
24.76,NV
24.77,NV
24.78,NV
24.79,NV
24.8,NV
24.81,NV
24.82,NV
24.83,NV
24.84,NV
24.85,NV
24.86,NV
24.87,NV
24.88,NV
24.89,NV
24.9,NV
24.91,NV
24.92,NV
24.93,NV
24.94,NV
24.95,NV
24.96,NV
24.97,NV
24.98,NV
24.99,NV
25,NV
25.01,NV
25.02,NV
25.03,NV
25.04,NV
25.05,NV
25.06,NV
25.07,NV
25.08,NV
25.09,NV
25.1,NV
25.11,NV
25.12,NV
25.13,NV
25.14,NV
25.15,NV
25.16,NV
25.17,NV
25.18,NV
25.19,NV
25.2,NV
25.21,NV
25.22,NV
25.23,NV
25.24,NV
25.25,NV
25.26,NV
25.27,NV
25.28,NV
25.29,NV
25.3,NV
25.31,NV
25.32,NV
25.33,NV
25.34,NV
25.35,NV
25.36,NV
25.37,NV
25.38,NV
25.39,NV
25.4,NV
25.41,NV
25.42,NV
25.43,NV
25.44,NV
25.45,NV
25.46,NV
25.47,NV
25.49,NV
25.5,NV
25.52,NV
25.53,NV
25.54,NV
25.55,NV
25.56,NV
25.57,NV
25.58,NV
25.59,NV
25.6,NV
25.61,NV
25.62,NV
25.63,NV
25.64,NV
25.65,NV
25.66,NV
25.67,NV
25.68,NV
25.69,NV
25.7,NV
25.71,NV
25.72,NV
25.73,NV
25.74,NV
25.75,NV
25.76,NV
25.77,NV
25.78,NV
25.79,NV
25.8,NV
25.81,NV
25.82,NV
25.83,NV
25.84,NV
25.85,NV
25.86,NV
25.87,NV
25.88,NV
25.89,NV
25.9,NV
25.91,NV
25.92,NV
25.93,NV
25.95,NV
25.96,NV
25.97,NV
25.98,NV
25.99,NV
26,NV
26.01,NV
26.02,NV
26.03,NV
26.04,NV
26.05,NV
26.06,NV
26.07,NV
26.08,NV
26.09,NV
26.1,NV
26.12,NV
26.13,NV
26.14,NV
26.15,NV
26.16,NV
26.17,NV
26.18,NV
26.19,NV
26.2,NV
26.21,NV
26.22,NV
26.23,NV
26.24,NV
26.25,NV
26.26,NV
26.27,NV
26.28,NV
26.29,NV
26.3,NV
26.31,NV
26.32,NV
26.33,NV
26.34,NV
26.35,NV
26.36,NV
26.37,NV
26.38,NV
26.39,NV
26.4,NV
26.41,NV
26.42,NV
26.43,NV
26.44,NV
26.45,NV
26.47,NV
26.48,NV
26.49,NV
26.5,NV
26.51,NV
26.52,NV
26.53,NV
26.55,NV
26.56,NV
26.57,NV
26.58,NV
26.59,NV
26.6,NV
26.62,NV
26.63,NV
26.64,NV
26.65,NV
26.66,NV
26.67,NV
26.68,NV
26.69,NV
26.7,NV
26.72,NV
26.73,NV
26.74,NV
26.75,NV
26.76,NV
26.77,NV
26.78,NV
26.79,NV
26.8,NV
26.81,NV
26.82,NV
26.83,NV
26.84,NV
26.85,NV
26.86,NV
26.87,NV
26.88,NV
26.89,NV
26.9,NV
26.91,NV
26.92,NV
26.93,NV
26.94,NV
26.95,NV
26.96,NV
26.97,NV
26.98,NV
26.99,NV
27,NV
27.01,NV
27.02,NV
27.03,NV
27.04,NV
27.05,NV
27.06,NV
27.07,NV
27.08,NV
27.09,NV
27.1,NV
27.11,NV
27.12,NV
27.13,NV
27.14,NV
27.15,NV
27.16,NV
27.17,NV
27.18,NV
27.19,NV
27.2,NV
27.21,NV
27.22,NV
27.23,NV
27.24,NV
27.25,NV
27.26,NV
27.27,NV
27.28,NV
27.29,NV
27.3,NV
27.31,NV
27.32,NV
27.33,NV
27.34,NV
27.35,NV
27.36,NV
27.37,NV
27.38,NV
27.39,NV
27.4,NV
27.41,NV
27.42,NV
27.43,NV
27.45,NV
27.46,NV
27.47,NV
27.48,NV
27.49,NV
27.5,NV
27.51,NV
27.52,NV
27.53,NV
27.54,NV
27.55,NV
27.56,NV
27.57,NV
27.58,NV
27.59,NV
27.6,NV
27.61,NV
27.62,NV
27.63,NV
27.64,NV
27.66,NV
27.67,NV
27.68,NV
27.69,NV
27.7,NV
27.71,NV
27.72,NV
27.73,NV
27.74,NV
27.75,NV
27.76,NV
27.77,NV
27.78,NV
27.79,NV
27.8,NV
27.81,NV
27.82,NV
27.83,NV
27.84,NV
27.85,NV
27.86,NV
27.87,NV
27.88,NV
27.89,NV
27.9,NV
27.91,NV
27.92,NV
27.93,NV
27.94,NV
27.95,NV
27.96,NV
27.97,NV
27.98,NV
27.99,NV
28,NV
28.01,NV
28.02,NV
28.03,NV
28.04,NV
28.05,NV
28.06,NV
28.07,NV
28.08,NV
28.09,NV
28.1,NV
28.11,NV
28.12,NV
28.13,NV
28.14,NV
28.15,NV
28.16,NV
28.17,NV
28.18,NV
28.19,NV
28.2,NV
28.21,NV
28.22,NV
28.23,NV
28.24,NV
28.25,NV
28.26,NV
28.27,NV
28.28,NV
28.29,NV
28.3,NV
28.31,NV
28.32,NV
28.33,NV
28.34,NV
28.35,NV
28.36,NV
28.37,NV
28.38,NV
28.39,NV
28.4,NV
28.41,NV
28.42,NV
28.43,NV
28.44,NV
28.45,NV
28.46,NV
28.47,NV
28.49,NV
28.5,NV
28.51,NV
28.52,NV
28.53,NV
28.54,NV
28.55,NV
28.56,NV
28.57,NV
28.58,NV
28.6,NV
28.61,NV
28.62,NV
28.63,NV
28.64,NV
28.65,NV
28.66,NV
28.67,NV
28.68,NV
28.69,NV
28.7,NV
28.71,NV
28.72,NV
28.73,NV
28.74,NV
28.75,NV
28.76,NV
28.77,NV
28.78,NV
28.79,NV
28.8,NV
28.81,NV
28.82,NV
28.83,NV
28.84,NV
28.85,NV
28.86,NV
28.87,NV
28.88,NV
28.89,NV
28.9,NV
28.91,NV
28.92,NV
28.93,NV
28.94,NV
28.95,NV
28.96,NV
28.97,NV
28.98,NV
28.99,NV
29,NV
29.01,NV
29.02,NV
29.03,NV
29.04,NV
29.05,NV
29.06,NV
29.07,NV
29.08,NV
29.09,NV
29.1,NV
29.11,NV
29.12,NV
29.13,NV
29.14,NV
29.15,NV
29.16,NV
29.17,NV
29.19,NV
29.2,NV
29.21,NV
29.22,NV
29.23,NV
29.24,NV
29.25,NV
29.26,NV
29.27,NV
29.28,NV
29.29,NV
29.31,NV
29.32,NV
29.33,NV
29.35,NV
29.36,NV
29.37,NV
29.38,NV
29.39,NV
29.4,NV
29.41,NV
29.42,NV
29.43,NV
29.44,NV
29.46,NV
29.47,NV
29.48,NV
29.49,NV
29.5,NV
29.51,NV
29.52,NV
29.53,NV
29.54,NV
29.55,NV
29.56,NV
29.57,NV
29.58,NV
29.59,NV
29.6,NV
29.61,NV
29.63,NV
29.64,NV
29.65,NV
29.66,NV
29.67,NV
29.68,NV
29.69,NV
29.7,NV
29.71,NV
29.72,NV
29.73,NV
29.74,NV
29.75,NV
29.76,NV
29.77,NV
29.78,NV
29.79,NV
29.8,NV
29.82,NV
29.83,NV
29.84,NV
29.86,NV
29.87,NV
29.88,NV
29.89,NV
29.9,NV
29.91,NV
29.92,NV
29.93,NV
29.94,NV
29.95,NV
29.96,NV
29.97,NV
29.98,NV
29.99,NV
30,NV
30.01,NV
30.02,NV
30.03,NV
30.04,NV
30.05,NV
30.06,NV
30.07,NV
30.08,NV
30.09,NV
30.1,NV
30.11,NV
30.12,NV
30.13,NV
30.14,NV
30.15,NV
30.16,NV
30.17,NV
30.18,NV
30.19,NV
30.2,NV
30.21,NV
30.22,NV
30.23,NV
30.24,NV
30.25,NV
30.26,NV
30.27,NV
30.28,NV
30.29,NV
30.3,NV
30.31,NV
30.32,NV
30.33,NV
30.34,NV
30.35,NV
30.36,NV
30.37,NV
30.38,NV
30.39,NV
30.4,NV
30.41,NV
30.42,NV
30.43,NV
30.44,NV
30.45,NV
30.46,NV
30.47,NV
30.48,NV
30.49,NV
30.5,NV
30.51,NV
30.52,NV
30.53,NV
30.54,NV
30.55,NV
30.56,NV
30.57,NV
30.58,NV
30.59,NV
30.6,NV
30.61,NV
30.62,NV
30.63,NV
30.64,NV
30.65,NV
30.66,NV
30.67,NV
30.68,NV
30.69,NV
30.7,NV
30.71,NV
30.72,NV
30.73,NV
30.74,NV
30.75,NV
30.76,NV
30.77,NV
30.78,NV
30.79,NV
30.8,NV
30.81,NV
30.82,NV
30.83,NV
30.84,NV
30.85,NV
30.86,NV
30.87,NV
30.88,NV
30.89,NV
30.9,NV
30.91,NV
30.92,NV
30.93,NV
30.94,NV
30.95,NV
30.96,NV
30.97,NV
30.98,NV
30.99,NV
31,NV
31.01,NV
31.02,NV
31.03,NV
31.04,NV
31.05,NV
31.06,NV
31.07,NV
31.08,NV
31.1,NV
31.11,NV
31.12,NV
31.13,NV
31.14,NV
31.15,NV
31.16,NV
31.17,NV
31.18,NV
31.19,NV
31.2,NV
31.21,NV
31.22,NV
31.23,NV
31.24,NV
31.25,NV
31.27,NV
31.28,NV
31.29,NV
31.3,NV
31.31,NV
31.32,NV
31.33,NV
31.34,NV
31.35,NV
31.36,NV
31.37,NV
31.38,NV
31.39,NV
31.4,NV
31.41,NV
31.42,NV
31.43,NV
31.44,NV
31.45,NV
31.46,NV
31.47,NV
31.48,NV
31.49,NV
31.5,NV
31.51,NV
31.52,NV
31.53,NV
31.54,NV
31.55,NV
31.56,NV
31.57,NV
31.58,NV
31.59,NV
31.6,NV
31.61,NV
31.62,NV
31.63,NV
31.64,NV
31.65,NV
31.66,NV
31.67,NV
31.68,NV
31.69,NV
31.7,NV
31.71,NV
31.72,NV
31.73,NV
31.74,NV
31.75,NV
31.76,NV
31.77,NV
31.78,NV
31.79,NV
31.8,NV
31.81,NV
31.82,NV
31.83,NV
31.84,NV
31.85,NV
31.86,NV
31.87,NV
31.88,NV
31.89,NV
31.9,NV
31.91,NV
31.92,NV
31.93,NV
31.94,NV
31.95,NV
31.96,NV
31.97,NV
31.98,NV
31.99,NV
32,NV
32.01,NV
32.02,NV
32.03,NV
32.04,NV
32.05,NV
32.06,NV
32.07,NV
32.08,NV
32.09,NV
32.1,NV
32.11,NV
32.12,NV
32.13,NV
32.14,NV
32.15,NV
32.16,NV
32.17,NV
32.18,NV
32.19,NV
32.2,NV
32.21,NV
32.22,NV
32.23,NV
32.24,NV
32.25,NV
32.26,NV
32.27,NV
32.28,NV
32.29,NV
32.3,NV
32.31,NV
32.32,NV
32.33,NV
32.34,NV
32.35,NV
32.36,NV
32.37,NV
32.38,NV
32.39,NV
32.4,NV
32.41,NV
32.42,NV
32.43,NV
32.44,NV
32.45,NV
32.46,NV
32.47,NV
32.48,NV
32.49,NV
32.5,NV
32.51,NV
32.52,NV
32.53,NV
32.54,NV
32.55,NV
32.56,NV
32.57,NV
32.58,NV
32.59,NV
32.6,NV
32.61,NV
32.62,NV
32.63,NV
32.64,NV
32.66,NV
32.67,NV
32.68,NV
32.69,NV
32.7,NV
32.71,NV
32.72,NV
32.73,NV
32.74,NV
32.75,NV
32.76,NV
32.77,NV
32.78,NV
32.79,NV
32.8,NV
32.81,NV
32.82,NV
32.83,NV
32.84,NV
32.85,NV
32.86,NV
32.87,NV
32.88,NV
32.89,NV
32.91,NV
32.92,NV
32.93,NV
32.94,NV
32.95,NV
32.96,NV
32.97,NV
32.98,NV
32.99,NV
33,NV
33.02,NV
33.03,NV
33.04,NV
33.05,NV
33.06,NV
33.07,NV
33.08,NV
33.09,NV
33.1,NV
33.11,NV
33.12,NV
33.13,NV
33.14,NV
33.15,NV
33.16,NV
33.17,NV
33.18,NV
33.19,NV
33.2,NV
33.21,NV
33.22,NV
33.23,NV
33.24,NV
33.25,NV
33.26,NV
33.27,NV
33.28,NV
33.29,NV
33.3,NV
33.31,NV
33.32,NV
33.33,NV
33.34,NV
33.35,NV
33.36,NV
33.37,NV
33.38,NV
33.39,NV
33.4,NV
33.41,NV
33.42,NV
33.43,NV
33.44,NV
33.45,NV
33.46,NV
33.47,NV
33.48,NV
33.49,NV
33.5,NV
33.51,NV
33.52,NV
33.53,NV
33.54,NV
33.55,NV
33.56,NV
33.57,NV
33.58,NV
33.59,NV
33.6,NV
33.61,NV
33.62,NV
33.63,NV
33.64,NV
33.65,NV
33.66,NV
33.67,NV
33.68,NV
33.69,NV
33.7,NV
33.71,NV
33.72,NV
33.73,NV
33.74,NV
33.75,NV
33.76,NV
33.77,NV
33.78,NV
33.79,NV
33.8,NV
33.81,NV
33.82,NV
33.83,NV
33.84,NV
33.85,NV
33.86,NV
33.87,NV
33.88,NV
33.89,NV
33.9,NV
33.91,NV
33.92,NV
33.93,NV
33.94,NV
33.95,NV
33.96,NV
33.97,NV
33.98,NV
33.99,NV
34,NV
34.01,NV
34.02,NV
34.03,NV
34.04,NV
34.05,NV
34.07,NV
34.08,NV
34.09,NV
34.1,NV
34.11,NV
34.12,NV
34.13,NV
34.14,NV
34.15,NV
34.16,NV
34.17,NV
34.18,NV
34.19,NV
34.2,NV
34.21,NV
34.22,NV
34.23,NV
34.24,NV
34.25,NV
34.26,NV
34.27,NV
34.28,NV
34.3,NV
34.31,NV
34.32,NV
34.33,NV
34.34,NV
34.37,NV
34.38,NV
34.39,NV
34.4,NV
34.41,NV
34.42,NV
34.43,NV
34.44,NV
34.45,NV
34.46,NV
34.47,NV
34.48,NV
34.49,NV
34.5,NV
34.51,NV
34.52,NV
34.53,NV
34.54,NV
34.55,NV
34.56,NV
34.57,NV
34.58,NV
34.59,NV
34.6,NV
34.61,NV
34.62,NV
34.63,NV
34.64,NV
34.65,NV
34.66,NV
34.67,NV
34.68,NV
34.69,NV
34.7,NV
34.72,NV
34.73,NV
34.76,NV
34.77,NV
34.78,NV
34.79,NV
34.81,NV
34.82,NV
34.83,NV
34.85,NV
34.86,NV
34.88,NV
34.89,NV
34.9,NV
34.91,NV
34.92,NV
34.93,NV
34.94,NV
34.96,NV
34.97,NV
34.98,NV
34.99,NV
35,NV
35.01,NV
35.02,NV
35.03,NV
35.04,NV
35.05,NV
35.06,NV
35.08,NV
35.09,NV
35.1,NV
35.11,NV
35.12,NV
35.13,NV
35.14,NV
35.15,NV
35.16,NV
35.17,NV
35.18,NV
35.19,NV
35.2,NV
35.21,NV
35.22,NV
35.23,NV
35.24,NV
35.25,NV
35.26,NV
35.27,NV
35.28,NV
35.29,NV
35.3,NV
35.31,NV
35.32,NV
35.34,NV
35.35,NV
35.36,NV
35.37,NV
35.38,NV
35.39,NV
35.4,NV
35.41,NV
35.42,NV
35.43,NV
35.44,NV
35.45,NV
35.46,NV
35.47,NV
35.48,NV
35.49,NV
35.5,NV
35.51,NV
35.52,NV
35.53,NV
35.54,NV
35.55,NV
35.56,NV
35.57,NV
35.58,NV
35.59,NV
35.6,NV
35.61,NV
35.62,NV
35.63,NV
35.64,NV
35.66,NV
35.67,NV
35.68,NV
35.69,NV
35.7,NV
35.71,NV
35.72,NV
35.74,NV
35.75,NV
35.76,NV
35.78,NV
35.79,NV
35.8,NV
35.81,NV
35.82,NV
35.83,NV
35.84,NV
35.85,NV
35.86,NV
35.87,NV
35.9,NV
35.91,NV
35.92,NV
35.93,NV
35.94,NV
35.95,NV
35.96,NV
35.97,NV
35.99,NV
36,NV
36.01,NV
36.02,NV
36.03,NV
36.04,NV
36.05,NV
36.06,NV
36.07,NV
36.09,NV
36.11,NV
36.12,NV
36.14,NV
36.15,NV
36.16,NV
36.17,NV
36.18,NV
36.19,NV
36.2,NV
36.22,NV
36.23,NV
36.24,NV
36.25,NV
36.26,NV
36.27,NV
36.28,NV
36.29,NV
36.3,NV
36.31,NV
36.32,NV
36.33,NV
36.34,NV
36.35,NV
36.36,NV
36.37,NV
36.38,NV
36.39,NV
36.4,NV
36.41,NV
36.43,NV
36.44,NV
36.45,NV
36.46,NV
36.47,NV
36.48,NV
36.49,NV
36.5,NV
36.51,NV
36.52,NV
36.55,NV
36.56,NV
36.57,NV
36.59,NV
36.6,NV
36.61,NV
36.62,NV
36.64,NV
36.65,NV
36.66,NV
36.67,NV
36.68,NV
36.7,NV
36.71,NV
36.72,NV
36.73,NV
36.75,NV
36.77,NV
36.78,NV
36.79,NV
36.8,NV
36.82,NV
36.83,NV
36.84,NV
36.85,NV
36.86,NV
36.87,NV
36.88,NV
36.89,NV
36.9,NV
36.91,NV
36.92,NV
36.93,NV
36.94,NV
36.95,NV
36.96,NV
36.97,NV
36.98,NV
36.99,NV
37.01,NV
37.02,NV
37.03,NV
37.05,NV
37.06,NV
37.07,NV
37.08,NV
37.09,NV
37.11,NV
37.12,NV
37.13,NV
37.14,NV
37.15,NV
37.16,NV
37.17,NV
37.18,NV
37.19,NV
37.21,NV
37.22,NV
37.23,NV
37.24,NV
37.25,NV
37.26,NV
37.27,NV
37.28,NV
37.29,NV
37.3,NV
37.31,NV
37.32,NV
37.34,NV
37.35,NV
37.36,NV
37.37,NV
37.38,NV
37.39,NV
37.4,NV
37.41,NV
37.42,NV
37.43,NV
37.44,NV
37.45,NV
37.46,NV
37.47,NV
37.48,NV
37.49,NV
37.5,NV
37.51,NV
37.52,NV
37.53,NV
37.54,NV
37.55,NV
37.57,NV
37.58,NV
37.59,NV
37.6,NV
37.61,NV
37.62,NV
37.63,NV
37.64,NV
37.65,NV
37.66,NV
37.67,NV
37.68,NV
37.7,NV
37.71,NV
37.72,NV
37.73,NV
37.74,NV
37.75,NV
37.76,NV
37.77,NV
37.78,NV
37.8,NV
37.82,NV
37.83,NV
37.84,NV
37.85,NV
37.86,NV
37.87,NV
37.88,NV
37.89,NV
37.9,NV
37.91,NV
37.92,NV
37.93,NV
37.94,NV
37.95,NV
37.96,NV
37.97,NV
37.98,NV
38,NV
38.01,NV
38.02,NV
38.03,NV
38.04,NV
38.05,NV
38.06,NV
38.07,NV
38.08,NV
38.09,NV
38.1,NV
38.11,NV
38.12,NV
38.13,NV
38.14,NV
38.16,NV
38.17,NV
38.18,NV
38.19,NV
38.2,NV
38.21,NV
38.22,NV
38.23,NV
38.24,NV
38.25,NV
38.26,NV
38.27,NV
38.28,NV
38.3,NV
38.32,NV
38.33,NV
38.34,NV
38.35,NV
38.36,NV
38.37,NV
38.38,NV
38.39,NV
38.4,NV
38.41,NV
38.42,NV
38.43,NV
38.44,NV
38.45,NV
38.46,NV
38.47,NV
38.48,NV
38.49,NV
38.5,NV
38.51,NV
38.52,NV
38.53,NV
38.54,NV
38.55,NV
38.56,NV
38.57,NV
38.58,NV
38.6,NV
38.61,NV
38.62,NV
38.63,NV
38.65,NV
38.66,NV
38.67,NV
38.68,NV
38.69,NV
38.7,NV
38.71,NV
38.72,NV
38.74,NV
38.77,NV
38.78,NV
38.79,NV
38.8,NV
38.81,NV
38.82,NV
38.83,NV
38.84,NV
38.85,NV
38.86,NV
38.87,NV
38.88,NV
38.89,NV
38.9,NV
38.91,NV
38.92,NV
38.93,NV
38.94,NV
38.95,NV
38.96,NV
38.97,NV
38.98,NV
38.99,NV
39,NV
39.01,NV
39.02,NV
39.03,NV
39.04,NV
39.05,NV
39.06,NV
39.07,NV
39.08,NV
39.09,NV
39.1,NV
39.11,NV
39.12,NV
39.13,NV
39.14,NV
39.15,NV
39.16,NV
39.17,NV
39.18,NV
39.19,NV
39.2,NV
39.21,NV
39.23,NV
39.24,NV
39.25,NV
39.26,NV
39.27,NV
39.28,NV
39.29,NV
39.3,NV
39.31,NV
39.32,NV
39.33,NV
39.34,NV
39.35,NV
39.36,NV
39.37,NV
39.38,NV
39.39,NV
39.4,NV
39.41,NV
39.42,NV
39.43,NV
39.44,NV
39.45,NV
39.46,NV
39.47,NV
39.48,NV
39.49,NV
39.5,NV
39.51,NV
39.52,NV
39.53,NV
39.54,NV
39.55,NV
39.56,NV
39.57,NV
39.58,NV
39.6,NV
39.61,NV
39.62,NV
39.63,NV
39.64,NV
39.66,NV
39.67,NV
39.68,NV
39.69,NV
39.7,NV
39.71,NV
39.72,NV
39.73,NV
39.74,NV
39.75,NV
39.76,NV
39.77,NV
39.78,NV
39.79,NV
39.8,NV
39.81,NV
39.82,NV
39.83,NV
39.84,NV
39.85,NV
39.86,NV
39.87,NV
39.88,NV
39.89,NV
39.9,NV
39.91,NV
39.92,NV
39.93,NV
39.94,NV
39.95,NV
39.96,NV
39.97,NV
39.98,NV
39.99,NV
40,NV
40.01,NV
40.02,NV
40.03,NV
40.04,NV
40.05,NV
40.06,NV
40.07,NV
40.08,NV
40.09,NV
40.1,NV
40.11,NV
40.12,NV
40.13,NV
40.15,NV
40.16,NV
40.18,NV
40.19,NV
40.2,NV
40.21,NV
40.22,NV
40.23,NV
40.24,NV
40.25,NV
40.26,NV
40.27,NV
40.29,NV
40.3,NV
40.31,NV
40.32,NV
40.33,NV
40.34,NV
40.35,NV
40.36,NV
40.37,NV
40.38,NV
40.39,NV
40.4,NV
40.41,NV
40.42,NV
40.43,NV
40.44,NV
40.45,NV
40.46,NV
40.47,NV
40.48,NV
40.49,NV
40.5,NV
40.51,NV
40.52,NV
40.53,NV
40.54,NV
40.55,NV
40.56,NV
40.57,NV
40.58,NV
40.59,NV
40.6,NV
40.61,NV
40.62,NV
40.63,NV
40.64,NV
40.65,NV
40.66,NV
40.67,NV
40.68,NV
40.69,NV
40.7,NV
40.71,NV
40.72,NV
40.73,NV
40.74,NV
40.75,NV
40.76,NV
40.77,NV
40.78,NV
40.79,NV
40.8,NV
40.81,NV
40.82,NV
40.83,NV
40.84,NV
40.85,NV
40.87,NV
40.88,NV
40.89,NV
40.9,NV
40.91,NV
40.92,NV
40.93,NV
40.94,NV
40.95,NV
40.96,NV
40.97,NV
40.98,NV
40.99,NV
41,NV
41.01,NV
41.02,NV
41.03,NV
41.04,NV
41.05,NV
41.06,NV
41.07,NV
41.08,NV
41.09,NV
41.1,NV
41.11,NV
41.12,NV
41.13,NV
41.14,NV
41.15,NV
41.16,NV
41.17,NV
41.18,NV
41.19,NV
41.2,NV
41.21,NV
41.22,NV
41.23,NV
41.24,NV
41.25,NV
41.26,NV
41.27,NV
41.28,NV
41.29,NV
41.31,NV
41.32,NV
41.33,NV
41.34,NV
41.35,NV
41.36,NV
41.37,NV
41.38,NV
41.39,NV
41.4,NV
41.41,NV
41.42,NV
41.43,NV
41.44,NV
41.45,NV
41.46,NV
41.48,NV
41.49,NV
41.5,NV
41.51,NV
41.52,NV
41.53,NV
41.54,NV
41.55,NV
41.56,NV
41.57,NV
41.58,NV
41.6,NV
41.61,NV
41.62,NV
41.63,NV
41.64,NV
41.65,NV
41.66,NV
41.67,NV
41.68,NV
41.69,NV
41.7,NV
41.71,NV
41.72,NV
41.73,NV
41.74,NV
41.75,NV
41.76,NV
41.77,NV
41.78,NV
41.79,NV
41.8,NV
41.81,NV
41.82,NV
41.83,NV
41.84,NV
41.85,NV
41.86,NV
41.87,NV
41.88,NV
41.89,NV
41.9,NV
41.91,NV
41.92,NV
41.93,NV
41.94,NV
41.95,NV
41.96,NV
41.97,NV
41.98,NV
41.99,NV
42,NV
42.01,NV
42.02,NV
42.04,NV
42.05,NV
42.07,NV
42.08,NV
42.09,NV
42.1,NV
42.11,NV
42.12,NV
42.13,NV
42.14,NV
42.15,NV
42.16,NV
42.17,NV
42.18,NV
42.19,NV
42.2,NV
42.22,NV
42.23,NV
42.24,NV
42.25,NV
42.26,NV
42.28,NV
42.29,NV
42.3,NV
42.31,NV
42.32,NV
42.33,NV
42.34,NV
42.35,NV
42.36,NV
42.37,NV
42.38,NV
42.39,NV
42.4,NV
42.41,NV
42.44,NV
42.45,NV
42.46,NV
42.47,NV
42.48,NV
42.5,NV
42.51,NV
42.52,NV
42.53,NV
42.54,NV
42.55,NV
42.56,NV
42.57,NV
42.58,NV
42.59,NV
42.6,NV
42.61,NV
42.62,NV
42.63,NV
42.64,NV
42.65,NV
42.66,NV
42.67,NV
42.68,NV
42.69,NV
42.7,NV
42.71,NV
42.72,NV
42.73,NV
42.74,NV
42.75,NV
42.76,NV
42.77,NV
42.78,NV
42.79,NV
42.8,NV
42.81,NV
42.82,NV
42.83,NV
42.84,NV
42.85,NV
42.86,NV
42.87,NV
42.88,NV
42.89,NV
42.9,NV
42.91,NV
42.92,NV
42.93,NV
42.94,NV
42.95,NV
42.96,NV
42.97,NV
42.98,NV
42.99,NV
43,NV
43.01,NV
43.02,NV
43.03,NV
43.04,NV
43.05,NV
43.06,NV
43.07,NV
43.08,NV
43.09,NV
43.1,NV
43.11,NV
43.12,NV
43.13,NV
43.14,NV
43.15,NV
43.16,NV
43.17,NV
43.18,NV
43.19,NV
43.2,NV
43.21,NV
43.22,NV
43.23,NV
43.24,NV
43.25,NV
43.26,NV
43.27,NV
43.29,NV
43.3,NV
43.31,NV
43.32,NV
43.33,NV
43.34,NV
43.35,NV
43.36,NV
43.37,NV
43.38,NV
43.39,NV
43.4,NV
43.41,NV
43.42,NV
43.43,NV
43.44,NV
43.45,NV
43.46,NV
43.47,NV
43.48,NV
43.49,NV
43.5,NV
43.51,NV
43.52,NV
43.53,NV
43.54,NV
43.55,NV
43.56,NV
43.57,NV
43.58,NV
43.59,NV
43.6,NV
43.61,NV
43.62,NV
43.63,NV
43.64,NV
43.65,NV
43.66,NV
43.67,NV
43.68,NV
43.69,NV
43.7,NV
43.71,NV
43.73,NV
43.74,NV
43.75,NV
43.76,NV
43.77,NV
43.78,NV
43.79,NV
43.8,NV
43.81,NV
43.82,NV
43.83,NV
43.84,NV
43.85,NV
43.86,NV
43.87,NV
43.88,NV
43.89,NV
43.9,NV
43.91,NV
43.92,NV
43.93,NV
43.94,NV
43.95,NV
43.96,NV
43.97,NV
43.98,NV
43.99,NV
44,NV
44.01,NV
44.02,NV
44.03,NV
44.04,NV
44.05,NV
44.06,NV
44.07,NV
44.08,NV
44.09,NV
44.1,NV
44.11,NV
44.12,NV
44.13,NV
44.14,NV
44.15,NV
44.17,NV
44.19,NV
44.2,NV
44.21,NV
44.22,NV
44.23,NV
44.24,NV
44.25,NV
44.26,NV
44.27,NV
44.28,NV
44.29,NV
44.3,NV
44.31,NV
44.32,NV
44.33,NV
44.34,NV
44.35,NV
44.36,NV
44.37,NV
44.38,NV
44.39,NV
44.4,NV
44.42,NV
44.43,NV
44.44,NV
44.45,NV
44.46,NV
44.47,NV
44.48,NV
44.49,NV
44.5,NV
44.51,NV
44.52,NV
44.53,NV
44.54,NV
44.55,NV
44.56,NV
44.57,NV
44.58,NV
44.59,NV
44.6,NV
44.61,NV
44.62,NV
44.63,NV
44.64,NV
44.65,NV
44.66,NV
44.67,NV
44.68,NV
44.69,NV
44.7,NV
44.71,NV
44.72,NV
44.73,NV
44.74,NV
44.75,NV
44.76,NV
44.77,NV
44.78,NV
44.79,NV
44.8,NV
44.81,NV
44.82,NV
44.83,NV
44.84,NV
44.85,NV
44.86,NV
44.87,NV
44.88,NV
44.89,NV
44.9,NV
44.91,NV
44.92,NV
44.93,NV
44.94,NV
44.95,NV
44.96,NV
44.97,NV
44.98,NV
44.99,NV
45,NV
45.01,NV
45.02,NV
45.03,NV
45.04,NV
45.05,NV
45.06,NV
45.07,NV
45.08,NV
45.09,NV
45.12,NV
45.13,NV
45.14,NV
45.15,NV
45.16,NV
45.17,NV
45.18,NV
45.19,NV
45.2,NV
45.21,NV
45.22,NV
45.23,NV
45.24,NV
45.25,NV
45.26,NV
45.27,NV
45.28,NV
45.29,NV
45.3,NV
45.31,NV
45.32,NV
45.33,NV
45.34,NV
45.35,NV
45.36,NV
45.37,NV
45.38,NV
45.39,NV
45.41,NV
45.42,NV
45.43,NV
45.44,NV
45.45,NV
45.46,NV
45.47,NV
45.48,NV
45.49,NV
45.5,NV
45.51,NV
45.52,NV
45.53,NV
45.54,NV
45.55,NV
45.56,NV
45.57,NV
45.58,NV
45.59,NV
45.6,NV
45.61,NV
45.62,NV
45.63,NV
45.64,NV
45.65,NV
45.66,NV
45.67,NV
45.68,NV
45.69,NV
45.7,NV
45.71,NV
45.72,NV
45.73,NV
45.74,NV
45.75,NV
45.76,NV
45.77,NV
45.78,NV
45.79,NV
45.8,NV
45.81,NV
45.82,NV
45.83,NV
45.84,NV
45.85,NV
45.86,NV
45.87,NV
45.88,NV
45.89,NV
45.9,NV
45.91,NV
45.92,NV
45.93,NV
45.94,NV
45.95,NV
45.96,NV
45.97,NV
45.98,NV
45.99,NV
46,NV
46.01,NV
46.02,NV
46.03,NV
46.04,NV
46.05,NV
46.06,NV
46.07,NV
46.08,NV
46.09,NV
46.1,NV
46.11,NV
46.12,NV
46.13,NV
46.14,NV
46.15,NV
46.16,NV
46.17,NV
46.18,NV
46.19,NV
46.2,NV
46.21,NV
46.22,NV
46.23,NV
46.24,NV
46.25,NV
46.26,NV
46.27,NV
46.28,NV
46.29,NV
46.3,NV
46.31,NV
46.32,NV
46.33,NV
46.34,NV
46.35,NV
46.36,NV
46.37,NV
46.38,NV
46.39,NV
46.4,NV
46.41,NV
46.42,NV
46.43,NV
46.44,NV
46.45,NV
46.46,NV
46.47,NV
46.48,NV
46.49,NV
46.5,NV
46.51,NV
46.52,NV
46.53,NV
46.54,NV
46.55,NV
46.56,NV
46.57,NV
46.58,NV
46.59,NV
46.6,NV
46.61,NV
46.62,NV
46.63,NV
46.64,NV
46.65,NV
46.66,NV
46.67,NV
46.68,NV
46.69,NV
46.7,NV
46.71,NV
46.72,NV
46.73,NV
46.74,NV
46.75,NV
46.76,NV
46.77,NV
46.78,NV
46.79,NV
46.8,NV
46.81,NV
46.82,NV
46.83,NV
46.84,NV
46.85,NV
46.86,NV
46.87,NV
46.88,NV
46.89,NV
46.9,NV
46.91,NV
46.92,NV
46.93,NV
46.94,NV
46.95,NV
46.96,NV
46.97,NV
46.99,NV
47,NV
47.01,NV
47.02,NV
47.03,NV
47.04,NV
47.05,NV
47.06,NV
47.07,NV
47.08,NV
47.09,NV
47.1,NV
47.11,NV
47.12,NV
47.13,NV
47.14,NV
47.15,NV
47.16,NV
47.17,NV
47.18,NV
47.19,NV
47.2,NV
47.21,NV
47.22,NV
47.23,NV
47.24,NV
47.25,NV
47.26,NV
47.27,NV
47.28,NV
47.29,NV
47.3,NV
47.31,NV
47.32,NV
47.33,NV
47.34,NV
47.35,NV
47.36,NV
47.37,NV
47.38,NV
47.39,NV
47.4,NV
47.41,NV
47.42,NV
47.43,NV
47.44,NV
47.45,NV
47.46,NV
47.47,NV
47.48,NV
47.49,NV
47.5,NV
47.51,NV
47.52,NV
47.53,NV
47.54,NV
47.55,NV
47.56,NV
47.57,NV
47.58,NV
47.59,NV
47.6,NV
47.61,NV
47.62,NV
47.63,NV
47.64,NV
47.65,NV
47.66,NV
47.67,NV
47.68,NV
47.69,NV
47.7,NV
47.71,NV
47.72,NV
47.73,NV
47.74,NV
47.75,NV
47.76,NV
47.77,NV
47.78,NV
47.79,NV
47.8,NV
47.81,NV
47.82,NV
47.83,NV
47.84,NV
47.85,NV
47.87,NV
47.88,NV
47.89,NV
47.9,NV
47.91,NV
47.92,NV
47.93,NV
47.94,NV
47.95,NV
47.96,NV
47.97,NV
47.99,NV
48,NV
48.01,NV
48.02,NV
48.03,NV
48.04,NV
48.05,NV
48.06,NV
48.07,NV
48.08,NV
48.09,NV
48.1,NV
48.11,NV
48.13,NV
48.14,NV
48.15,NV
48.16,NV
48.17,NV
48.18,NV
48.19,NV
48.2,NV
48.21,NV
48.22,NV
48.23,NV
48.24,NV
48.25,NV
48.26,NV
48.27,NV
48.28,NV
48.3,NV
48.31,NV
48.32,NV
48.33,NV
48.34,NV
48.35,NV
48.36,NV
48.37,NV
48.38,NV
48.39,NV
48.4,NV
48.41,NV
48.43,NV
48.44,NV
48.45,NV
48.46,NV
48.47,NV
48.48,NV
48.49,NV
48.5,NV
48.51,NV
48.52,NV
48.53,NV
48.54,NV
48.55,NV
48.56,NV
48.58,NV
48.59,NV
48.6,NV
48.61,NV
48.62,NV
48.63,NV
48.64,NV
48.65,NV
48.66,NV
48.67,NV
48.68,NV
48.69,NV
48.7,NV
48.71,NV
48.72,NV
48.73,NV
48.74,NV
48.75,NV
48.76,NV
48.77,NV
48.78,NV
48.79,NV
48.8,NV
48.81,NV
48.82,NV
48.83,NV
48.84,NV
48.85,NV
48.86,NV
48.87,NV
48.88,NV
48.89,NV
48.9,NV
48.91,NV
48.92,NV
48.93,NV
48.94,NV
48.95,NV
48.96,NV
48.97,NV
48.98,NV
48.99,NV
49,NV
49.01,NV
49.03,NV
49.04,NV
49.05,NV
49.06,NV
49.07,NV
49.08,NV
49.09,NV
49.1,NV
49.11,NV
49.12,NV
49.13,NV
49.14,NV
49.15,NV
49.16,NV
49.17,NV
49.18,NV
49.19,NV
49.2,NV
49.21,NV
49.22,NV
49.23,NV
49.24,NV
49.25,NV
49.26,NV
49.27,NV
49.28,NV
49.29,NV
49.3,NV
49.31,NV
49.32,NV
49.33,NV
49.34,NV
49.35,NV
49.36,NV
49.37,NV
49.38,NV
49.39,NV
49.4,NV
49.41,NV
49.42,NV
49.43,NV
49.44,NV
49.45,NV
49.46,NV
49.47,NV
49.48,NV
49.49,NV
49.5,NV
49.51,NV
49.53,NV
49.54,NV
49.55,NV
49.56,NV
49.57,NV
49.58,NV
49.59,NV
49.6,NV
49.61,NV
49.63,NV
49.64,NV
49.65,NV
49.66,NV
49.67,NV
49.68,NV
49.69,NV
49.7,NV
49.71,NV
49.72,NV
49.73,NV
49.74,NV
49.75,NV
49.76,NV
49.77,NV
49.78,NV
49.79,NV
49.8,NV
49.81,NV
49.82,NV
49.83,NV
49.84,NV
49.85,NV
49.86,NV
49.87,NV
49.88,NV
49.89,NV
49.9,NV
49.91,NV
49.92,NV
49.93,NV
49.94,NV
49.95,NV
49.96,NV
49.97,NV
49.98,NV
49.99,NV
50,V
50.02,V
50.03,V
50.04,V
50.05,V
50.06,V
50.07,V
50.08,V
50.09,V
50.1,V
50.11,V
50.12,V
50.13,V
50.14,V
50.15,V
50.16,V
50.17,V
50.18,V
50.19,V
50.2,V
50.21,V
50.22,V
50.23,V
50.24,V
50.25,V
50.26,V
50.27,V
50.28,V
50.29,V
50.3,V
50.31,V
50.32,V
50.33,V
50.34,V
50.35,V
50.36,V
50.37,V
50.38,V
50.39,V
50.4,V
50.41,V
50.42,V
50.43,V
50.44,V
50.45,V
50.46,V
50.47,V
50.48,V
50.5,V
50.51,V
50.52,V
50.55,V
50.56,V
50.57,V
50.58,V
50.59,V
50.6,V
50.61,V
50.62,V
50.63,V
50.64,V
50.65,V
50.66,V
50.67,V
50.68,V
50.69,V
50.7,V
50.71,V
50.72,V
50.73,V
50.74,V
50.75,V
50.76,V
50.77,V
50.78,V
50.79,V
50.8,V
50.81,V
50.82,V
50.83,V
50.84,V
50.85,V
50.86,V
50.87,V
50.88,V
50.89,V
50.9,V
50.91,V
50.92,V
50.93,V
50.94,V
50.95,V
50.96,V
50.97,V
50.98,V
50.99,V
51,V
51.01,V
51.02,V
51.03,V
51.04,V
51.05,V
51.06,V
51.07,V
51.08,V
51.09,V
51.1,V
51.11,V
51.12,V
51.13,V
51.14,V
51.15,V
51.16,V
51.17,V
51.18,V
51.19,V
51.2,V
51.21,V
51.22,V
51.23,V
51.24,V
51.25,V
51.26,V
51.27,V
51.28,V
51.29,V
51.3,V
51.31,V
51.32,V
51.33,V
51.34,V
51.35,V
51.36,V
51.37,V
51.38,V
51.39,V
51.4,V
51.41,V
51.42,V
51.43,V
51.44,V
51.45,V
51.46,V
51.47,V
51.48,V
51.49,V
51.5,V
51.51,V
51.52,V
51.53,V
51.54,V
51.55,V
51.56,V
51.57,V
51.58,V
51.59,V
51.6,V
51.61,V
51.62,V
51.63,V
51.64,V
51.65,V
51.66,V
51.67,V
51.68,V
51.69,V
51.7,V
51.71,V
51.72,V
51.73,V
51.74,V
51.75,V
51.76,V
51.77,V
51.78,V
51.79,V
51.8,V
51.81,V
51.82,V
51.83,V
51.84,V
51.85,V
51.86,V
51.87,V
51.88,V
51.89,V
51.9,V
51.91,V
51.92,V
51.93,V
51.94,V
51.95,V
51.96,V
51.97,V
51.99,V
52,V
52.01,V
52.02,V
52.03,V
52.04,V
52.05,V
52.06,V
52.07,V
52.08,V
52.09,V
52.1,V
52.11,V
52.12,V
52.13,V
52.14,V
52.15,V
52.16,V
52.17,V
52.18,V
52.19,V
52.2,V
52.21,V
52.22,V
52.23,V
52.24,V
52.25,V
52.26,V
52.27,V
52.28,V
52.29,V
52.3,V
52.31,V
52.32,V
52.33,V
52.34,V
52.35,V
52.36,V
52.37,V
52.38,V
52.39,V
52.4,V
52.41,V
52.42,V
52.43,V
52.44,V
52.45,V
52.46,V
52.47,V
52.48,V
52.49,V
52.5,V
52.51,V
52.52,V
52.53,V
52.54,V
52.56,V
52.57,V
52.59,V
52.6,V
52.61,V
52.62,V
52.63,V
52.64,V
52.65,V
52.66,V
52.67,V
52.68,V
52.69,V
52.7,V
52.71,V
52.72,V
52.73,V
52.75,V
52.76,V
52.77,V
52.78,V
52.79,V
52.8,V
52.81,V
52.82,V
52.83,V
52.84,V
52.85,V
52.86,V
52.87,V
52.88,V
52.89,V
52.9,V
52.91,V
52.92,V
52.93,V
52.94,V
52.95,V
52.96,V
52.97,V
52.98,V
52.99,V
53,V
53.01,V
53.02,V
53.03,V
53.04,V
53.05,V
53.06,V
53.07,V
53.08,V
53.09,V
53.1,V
53.11,V
53.12,V
53.13,V
53.14,V
53.15,V
53.16,V
53.17,V
53.18,V
53.19,V
53.2,V
53.21,V
53.22,V
53.23,V
53.24,V
53.25,V
53.26,V
53.27,V
53.28,V
53.29,V
53.3,V
53.31,V
53.32,V
53.33,V
53.34,V
53.35,V
53.36,V
53.37,V
53.38,V
53.39,V
53.4,V
53.41,V
53.42,V
53.43,V
53.44,V
53.45,V
53.46,V
53.47,V
53.48,V
53.49,V
53.5,V
53.51,V
53.52,V
53.53,V
53.54,V
53.55,V
53.56,V
53.57,V
53.58,V
53.59,V
53.6,V
53.61,V
53.62,V
53.63,V
53.64,V
53.65,V
53.66,V
53.67,V
53.68,V
53.69,V
53.7,V
53.71,V
53.72,V
53.73,V
53.74,V
53.75,V
53.76,V
53.77,V
53.78,V
53.79,V
53.8,V
53.81,V
53.82,V
53.83,V
53.84,V
53.85,V
53.86,V
53.87,V
53.88,V
53.89,V
53.9,V
53.91,V
53.92,V
53.93,V
53.94,V
53.95,V
53.96,V
53.97,V
53.98,V
53.99,V
54,V
54.01,V
54.02,V
54.03,V
54.04,V
54.05,V
54.06,V
54.07,V
54.08,V
54.09,V
54.1,V
54.11,V
54.12,V
54.13,V
54.14,V
54.15,V
54.16,V
54.17,V
54.18,V
54.19,V
54.2,V
54.21,V
54.22,V
54.23,V
54.24,V
54.25,V
54.26,V
54.27,V
54.28,V
54.29,V
54.3,V
54.31,V
54.32,V
54.33,V
54.34,V
54.35,V
54.36,V
54.37,V
54.38,V
54.39,V
54.41,V
54.42,V
54.43,V
54.44,V
54.45,V
54.46,V
54.47,V
54.48,V
54.49,V
54.5,V
54.51,V
54.52,V
54.53,V
54.54,V
54.55,V
54.56,V
54.57,V
54.58,V
54.59,V
54.6,V
54.61,V
54.62,V
54.63,V
54.64,V
54.65,V
54.66,V
54.67,V
54.68,V
54.69,V
54.7,V
54.71,V
54.72,V
54.73,V
54.74,V
54.75,V
54.76,V
54.77,V
54.78,V
54.79,V
54.8,V
54.81,V
54.82,V
54.83,V
54.84,V
54.85,V
54.86,V
54.87,V
54.88,V
54.89,V
54.9,V
54.91,V
54.92,V
54.93,V
54.94,V
54.95,V
54.96,V
54.97,V
54.98,V
54.99,V
55,V
55.01,V
55.02,V
55.03,V
55.04,V
55.05,V
55.06,V
55.07,V
55.08,V
55.09,V
55.1,V
55.11,V
55.12,V
55.13,V
55.14,V
55.15,V
55.16,V
55.17,V
55.18,V
55.19,V
55.2,V
55.21,V
55.22,V
55.23,V
55.24,V
55.25,V
55.26,V
55.27,V
55.28,V
55.29,V
55.3,V
55.31,V
55.32,V
55.33,V
55.34,V
55.35,V
55.36,V
55.37,V
55.38,V
55.39,V
55.4,V
55.41,V
55.42,V
55.43,V
55.44,V
55.45,V
55.46,V
55.47,V
55.48,V
55.49,V
55.5,V
55.51,V
55.52,V
55.53,V
55.54,V
55.55,V
55.56,V
55.57,V
55.58,V
55.59,V
55.6,V
55.61,V
55.62,V
55.63,V
55.64,V
55.65,V
55.66,V
55.67,V
55.68,V
55.69,V
55.7,V
55.71,V
55.72,V
55.73,V
55.74,V
55.75,V
55.76,V
55.77,V
55.78,V
55.79,V
55.8,V
55.81,V
55.82,V
55.83,V
55.84,V
55.85,V
55.86,V
55.87,V
55.88,V
55.89,V
55.9,V
55.91,V
55.92,V
55.93,V
55.94,V
55.95,V
55.96,V
55.98,V
55.99,V
56,V
56.01,V
56.02,V
56.03,V
56.04,V
56.05,V
56.06,V
56.07,V
56.08,V
56.09,V
56.1,V
56.11,V
56.12,V
56.13,V
56.14,V
56.15,V
56.16,V
56.17,V
56.19,V
56.2,V
56.21,V
56.22,V
56.23,V
56.24,V
56.25,V
56.26,V
56.27,V
56.28,V
56.29,V
56.3,V
56.31,V
56.32,V
56.33,V
56.34,V
56.35,V
56.36,V
56.37,V
56.38,V
56.39,V
56.4,V
56.41,V
56.42,V
56.43,V
56.44,V
56.45,V
56.46,V
56.47,V
56.48,V
56.49,V
56.5,V
56.51,V
56.52,V
56.53,V
56.54,V
56.55,V
56.56,V
56.57,V
56.58,V
56.59,V
56.6,V
56.61,V
56.62,V
56.63,V
56.64,V
56.65,V
56.66,V
56.67,V
56.68,V
56.69,V
56.7,V
56.71,V
56.72,V
56.73,V
56.74,V
56.75,V
56.76,V
56.77,V
56.78,V
56.79,V
56.8,V
56.81,V
56.82,V
56.83,V
56.84,V
56.85,V
56.86,V
56.87,V
56.88,V
56.89,V
56.9,V
56.91,V
56.92,V
56.93,V
56.94,V
56.95,V
56.96,V
56.97,V
56.98,V
56.99,V
57,V
57.01,V
57.02,V
57.03,V
57.04,V
57.05,V
57.06,V
57.07,V
57.08,V
57.09,V
57.1,V
57.11,V
57.12,V
57.13,V
57.14,V
57.15,V
57.16,V
57.17,V
57.18,V
57.19,V
57.2,V
57.21,V
57.22,V
57.23,V
57.24,V
57.25,V
57.26,V
57.27,V
57.28,V
57.29,V
57.3,V
57.31,V
57.32,V
57.33,V
57.34,V
57.35,V
57.36,V
57.37,V
57.38,V
57.39,V
57.4,V
57.41,V
57.42,V
57.43,V
57.44,V
57.45,V
57.46,V
57.47,V
57.48,V
57.49,V
57.5,V
57.51,V
57.52,V
57.53,V
57.54,V
57.55,V
57.56,V
57.57,V
57.58,V
57.59,V
57.6,V
57.61,V
57.62,V
57.63,V
57.64,V
57.65,V
57.66,V
57.67,V
57.68,V
57.69,V
57.7,V
57.71,V
57.72,V
57.73,V
57.74,V
57.75,V
57.76,V
57.78,V
57.79,V
57.8,V
57.81,V
57.82,V
57.83,V
57.84,V
57.85,V
57.87,V
57.88,V
57.89,V
57.9,V
57.91,V
57.93,V
57.94,V
57.95,V
57.96,V
57.97,V
57.98,V
57.99,V
58,V
58.01,V
58.02,V
58.03,V
58.04,V
58.05,V
58.06,V
58.07,V
58.08,V
58.09,V
58.1,V
58.11,V
58.12,V
58.13,V
58.14,V
58.15,V
58.16,V
58.17,V
58.18,V
58.19,V
58.2,V
58.21,V
58.22,V
58.23,V
58.24,V
58.25,V
58.26,V
58.27,V
58.28,V
58.29,V
58.3,V
58.31,V
58.32,V
58.33,V
58.35,V
58.36,V
58.37,V
58.38,V
58.39,V
58.4,V
58.41,V
58.42,V
58.43,V
58.44,V
58.45,V
58.46,V
58.47,V
58.48,V
58.49,V
58.5,V
58.51,V
58.52,V
58.53,V
58.54,V
58.55,V
58.56,V
58.57,V
58.58,V
58.59,V
58.6,V
58.61,V
58.62,V
58.63,V
58.64,V
58.65,V
58.66,V
58.67,V
58.68,V
58.69,V
58.7,V
58.71,V
58.72,V
58.73,V
58.74,V
58.75,V
58.76,V
58.77,V
58.78,V
58.79,V
58.81,V
58.82,V
58.83,V
58.84,V
58.85,V
58.86,V
58.87,V
58.88,V
58.89,V
58.9,V
58.91,V
58.92,V
58.93,V
58.94,V
58.95,V
58.96,V
58.97,V
58.98,V
58.99,V
59,V
59.01,V
59.02,V
59.03,V
59.04,V
59.05,V
59.06,V
59.07,V
59.08,V
59.09,V
59.1,V
59.11,V
59.12,V
59.13,V
59.14,V
59.15,V
59.16,V
59.17,V
59.18,V
59.19,V
59.2,V
59.21,V
59.22,V
59.23,V
59.24,V
59.25,V
59.26,V
59.27,V
59.28,V
59.29,V
59.3,V
59.31,V
59.32,V
59.33,V
59.34,V
59.35,V
59.36,V
59.37,V
59.38,V
59.39,V
59.4,V
59.41,V
59.42,V
59.43,V
59.44,V
59.45,V
59.46,V
59.47,V
59.48,V
59.49,V
59.5,V
59.51,V
59.52,V
59.53,V
59.54,V
59.55,V
59.56,V
59.57,V
59.58,V
59.59,V
59.6,V
59.61,V
59.62,V
59.63,V
59.64,V
59.65,V
59.66,V
59.67,V
59.68,V
59.69,V
59.7,V
59.71,V
59.72,V
59.73,V
59.74,V
59.75,V
59.76,V
59.77,V
59.78,V
59.79,V
59.8,V
59.81,V
59.82,V
59.83,V
59.84,V
59.85,V
59.86,V
59.87,V
59.88,V
59.89,V
59.9,V
59.91,V
59.92,V
59.93,V
59.94,V
59.95,V
59.96,V
59.97,V
59.98,V
59.99,V
60,V
60.01,V
60.02,V
60.03,V
60.04,V
60.05,V
60.06,V
60.07,V
60.08,V
60.09,V
60.1,V
60.11,V
60.12,V
60.13,V
60.14,V
60.15,V
60.16,V
60.17,V
60.18,V
60.19,V
60.2,V
60.21,V
60.22,V
60.23,V
60.24,V
60.25,V
60.26,V
60.27,V
60.28,V
60.29,V
60.3,V
60.31,V
60.32,V
60.33,V
60.34,V
60.35,V
60.36,V
60.37,V
60.38,V
60.39,V
60.4,V
60.41,V
60.42,V
60.43,V
60.44,V
60.45,V
60.46,V
60.47,V
60.48,V
60.49,V
60.5,V
60.51,V
60.52,V
60.53,V
60.54,V
60.55,V
60.56,V
60.57,V
60.58,V
60.59,V
60.6,V
60.61,V
60.62,V
60.63,V
60.64,V
60.65,V
60.66,V
60.67,V
60.68,V
60.69,V
60.7,V
60.71,V
60.72,V
60.73,V
60.74,V
60.75,V
60.76,V
60.77,V
60.78,V
60.79,V
60.8,V
60.81,V
60.82,V
60.83,V
60.84,V
60.85,V
60.86,V
60.87,V
60.88,V
60.89,V
60.9,V
60.91,V
60.92,V
60.93,V
60.94,V
60.95,V
60.96,V
60.97,V
60.98,V
60.99,V
61,V
61.01,V
61.02,V
61.03,V
61.04,V
61.05,V
61.06,V
61.07,V
61.08,V
61.09,V
61.1,V
61.11,V
61.12,V
61.13,V
61.14,V
61.15,V
61.16,V
61.17,V
61.18,V
61.19,V
61.2,V
61.21,V
61.22,V
61.23,V
61.24,V
61.25,V
61.26,V
61.27,V
61.28,V
61.29,V
61.3,V
61.31,V
61.32,V
61.33,V
61.34,V
61.35,V
61.36,V
61.37,V
61.38,V
61.39,V
61.4,V
61.41,V
61.42,V
61.43,V
61.44,V
61.45,V
61.46,V
61.47,V
61.48,V
61.49,V
61.5,V
61.51,V
61.52,V
61.53,V
61.54,V
61.55,V
61.56,V
61.57,V
61.58,V
61.59,V
61.6,V
61.61,V
61.62,V
61.63,V
61.64,V
61.65,V
61.66,V
61.67,V
61.68,V
61.69,V
61.7,V
61.71,V
61.72,V
61.73,V
61.74,V
61.75,V
61.76,V
61.77,V
61.78,V
61.79,V
61.8,V
61.81,V
61.82,V
61.83,V
61.84,V
61.85,V
61.86,V
61.87,V
61.88,V
61.89,V
61.9,V
61.91,V
61.92,V
61.93,V
61.94,V
61.95,V
61.96,V
61.97,V
61.98,V
61.99,V
62,V
62.01,V
62.02,V
62.03,V
62.04,V
62.05,V
62.06,V
62.07,V
62.08,V
62.09,V
62.1,V
62.11,V
62.12,V
62.13,V
62.14,V
62.15,V
62.16,V
62.17,V
62.18,V
62.19,V
62.2,V
62.21,V
62.22,V
62.23,V
62.24,V
62.25,V
62.26,V
62.27,V
62.28,V
62.29,V
62.3,V
62.31,V
62.32,V
62.33,V
62.34,V
62.35,V
62.36,V
62.37,V
62.38,V
62.39,V
62.4,V
62.41,V
62.42,V
62.43,V
62.44,V
62.45,V
62.46,V
62.47,V
62.48,V
62.49,V
62.5,V
62.51,V
62.52,V
62.53,V
62.54,V
62.55,V
62.56,V
62.57,V
62.58,V
62.59,V
62.6,V
62.61,V
62.62,V
62.63,V
62.64,V
62.65,V
62.66,V
62.67,V
62.68,V
62.69,V
62.7,V
62.71,V
62.72,V
62.73,V
62.74,V
62.75,V
62.76,V
62.77,V
62.78,V
62.79,V
62.8,V
62.81,V
62.82,V
62.83,V
62.84,V
62.85,V
62.86,V
62.87,V
62.88,V
62.89,V
62.9,V
62.91,V
62.92,V
62.93,V
62.94,V
62.95,V
62.96,V
62.97,V
62.98,V
62.99,V
63,V
63.01,V
63.02,V
63.03,V
63.04,V
63.05,V
63.06,V
63.07,V
63.08,V
63.09,V
63.1,V
63.11,V
63.12,V
63.13,V
63.14,V
63.15,V
63.16,V
63.17,V
63.18,V
63.19,V
63.2,V
63.21,V
63.22,V
63.23,V
63.24,V
63.25,V
63.26,V
63.27,V
63.28,V
63.29,V
63.3,V
63.31,V
63.32,V
63.33,V
63.34,V
63.35,V
63.36,V
63.37,V
63.38,V
63.39,V
63.4,V
63.41,V
63.42,V
63.43,V
63.44,V
63.45,V
63.46,V
63.47,V
63.48,V
63.49,V
63.5,V
63.51,V
63.52,V
63.53,V
63.54,V
63.55,V
63.56,V
63.57,V
63.58,V
63.59,V
63.6,V
63.61,V
63.62,V
63.63,V
63.64,V
63.65,V
63.66,V
63.67,V
63.68,V
63.69,V
63.7,V
63.71,V
63.72,V
63.73,V
63.74,V
63.75,V
63.76,V
63.77,V
63.78,V
63.79,V
63.8,V
63.81,V
63.82,V
63.83,V
63.84,V
63.85,V
63.86,V
63.87,V
63.88,V
63.89,V
63.9,V
63.91,V
63.92,V
63.93,V
63.94,V
63.95,V
63.96,V
63.97,V
63.98,V
63.99,V
64,V
64.01,V
64.02,V
64.03,V
64.04,V
64.05,V
64.06,V
64.07,V
64.08,V
64.09,V
64.1,V
64.11,V
64.12,V
64.13,V
64.14,V
64.15,V
64.16,V
64.17,V
64.18,V
64.19,V
64.2,V
64.21,V
64.22,V
64.23,V
64.24,V
64.25,V
64.26,V
64.27,V
64.28,V
64.29,V
64.3,V
64.31,V
64.32,V
64.33,V
64.34,V
64.35,V
64.36,V
64.37,V
64.38,V
64.39,V
64.4,V
64.41,V
64.42,V
64.43,V
64.44,V
64.45,V
64.46,V
64.47,V
64.48,V
64.49,V
64.5,V
64.51,V
64.52,V
64.53,V
64.54,V
64.55,V
64.56,V
64.57,V
64.58,V
64.59,V
64.6,V
64.61,V
64.62,V
64.63,V
64.64,V
64.65,V
64.66,V
64.67,V
64.68,V
64.69,V
64.7,V
64.71,V
64.72,V
64.73,V
64.74,V
64.75,V
64.76,V
64.77,V
64.78,V
64.79,V
64.8,V
64.81,V
64.82,V
64.83,V
64.84,V
64.85,V
64.86,V
64.87,V
64.88,V
64.89,V
64.9,V
64.91,V
64.92,V
64.93,V
64.94,V
64.95,V
64.96,V
64.97,V
64.98,V
64.99,V
65,V
65.01,V
65.02,V
65.03,V
65.04,V
65.05,V
65.06,V
65.07,V
65.08,V
65.09,V
65.1,V
65.11,V
65.12,V
65.13,V
65.14,V
65.15,V
65.16,V
65.17,V
65.18,V
65.19,V
65.2,V
65.21,V
65.22,V
65.23,V
65.24,V
65.25,V
65.26,V
65.27,V
65.28,V
65.29,V
65.3,V
65.31,V
65.32,V
65.33,V
65.34,V
65.35,V
65.36,V
65.37,V
65.38,V
65.39,V
65.4,V
65.41,V
65.42,V
65.43,V
65.44,V
65.45,V
65.46,V
65.47,V
65.48,V
65.49,V
65.5,V
65.51,V
65.52,V
65.53,V
65.54,V
65.55,V
65.56,V
65.57,V
65.58,V
65.59,V
65.6,V
65.61,V
65.62,V
65.63,V
65.64,V
65.65,V
65.66,V
65.67,V
65.68,V
65.69,V
65.7,V
65.71,V
65.72,V
65.73,V
65.74,V
65.75,V
65.76,V
65.77,V
65.78,V
65.79,V
65.8,V
65.81,V
65.82,V
65.83,V
65.84,V
65.85,V
65.86,V
65.87,V
65.88,V
65.89,V
65.9,V
65.91,V
65.92,V
65.93,V
65.94,V
65.95,V
65.96,V
65.97,V
65.98,V
65.99,V
66,V
66.01,V
66.02,V
66.03,V
66.04,V
66.05,V
66.06,V
66.07,V
66.08,V
66.09,V
66.1,V
66.11,V
66.12,V
66.13,V
66.14,V
66.15,V
66.16,V
66.17,V
66.18,V
66.19,V
66.2,V
66.21,V
66.22,V
66.23,V
66.24,V
66.25,V
66.26,V
66.27,V
66.28,V
66.29,V
66.3,V
66.31,V
66.32,V
66.33,V
66.34,V
66.35,V
66.36,V
66.37,V
66.38,V
66.39,V
66.4,V
66.41,V
66.42,V
66.43,V
66.44,V
66.45,V
66.46,V
66.47,V
66.48,V
66.49,V
66.5,V
66.51,V
66.52,V
66.53,V
66.54,V
66.55,V
66.56,V
66.57,V
66.58,V
66.59,V
66.6,V
66.61,V
66.62,V
66.63,V
66.64,V
66.65,V
66.66,V
66.67,V
66.68,V
66.69,V
66.7,V
66.71,V
66.73,V
66.74,V
66.75,V
66.76,V
66.77,V
66.78,V
66.79,V
66.8,V
66.81,V
66.82,V
66.83,V
66.84,V
66.85,V
66.86,V
66.87,V
66.88,V
66.89,V
66.9,V
66.91,V
66.92,V
66.93,V
66.94,V
66.95,V
66.96,V
66.97,V
66.98,V
66.99,V
67,V
67.01,V
67.02,V
67.03,V
67.04,V
67.05,V
67.06,V
67.07,V
67.08,V
67.09,V
67.1,V
67.11,V
67.12,V
67.13,V
67.14,V
67.15,V
67.16,V
67.17,V
67.18,V
67.19,V
67.2,V
67.21,V
67.22,V
67.23,V
67.24,V
67.25,V
67.26,V
67.27,V
67.28,V
67.29,V
67.3,V
67.31,V
67.32,V
67.33,V
67.34,V
67.35,V
67.36,V
67.37,V
67.38,V
67.39,V
67.4,V
67.41,V
67.42,V
67.43,V
67.44,V
67.45,V
67.46,V
67.47,V
67.48,V
67.49,V
67.5,V
67.51,V
67.52,V
67.53,V
67.54,V
67.55,V
67.56,V
67.57,V
67.58,V
67.59,V
67.6,V
67.61,V
67.62,V
67.63,V
67.64,V
67.65,V
67.66,V
67.67,V
67.68,V
67.69,V
67.7,V
67.71,V
67.72,V
67.73,V
67.74,V
67.75,V
67.76,V
67.77,V
67.78,V
67.79,V
67.8,V
67.81,V
67.82,V
67.83,V
67.84,V
67.85,V
67.86,V
67.87,V
67.88,V
67.89,V
67.9,V
67.91,V
67.92,V
67.93,V
67.94,V
67.95,V
67.96,V
67.97,V
67.98,V
67.99,V
68,V
68.01,V
68.02,V
68.03,V
68.04,V
68.05,V
68.06,V
68.07,V
68.08,V
68.09,V
68.1,V
68.11,V
68.12,V
68.13,V
68.14,V
68.15,V
68.16,V
68.17,V
68.18,V
68.19,V
68.2,V
68.21,V
68.22,V
68.23,V
68.24,V
68.25,V
68.26,V
68.27,V
68.28,V
68.29,V
68.3,V
68.31,V
68.32,V
68.33,V
68.34,V
68.35,V
68.36,V
68.37,V
68.38,V
68.39,V
68.4,V
68.41,V
68.42,V
68.43,V
68.44,V
68.45,V
68.46,V
68.47,V
68.48,V
68.49,V
68.5,V
68.51,V
68.52,V
68.53,V
68.54,V
68.55,V
68.56,V
68.57,V
68.58,V
68.59,V
68.6,V
68.61,V
68.62,V
68.63,V
68.64,V
68.65,V
68.66,V
68.67,V
68.68,V
68.69,V
68.7,V
68.71,V
68.72,V
68.73,V
68.74,V
68.75,V
68.76,V
68.77,V
68.78,V
68.79,V
68.8,V
68.81,V
68.82,V
68.83,V
68.84,V
68.85,V
68.86,V
68.87,V
68.89,V
68.9,V
68.91,V
68.92,V
68.93,V
68.94,V
68.95,V
68.96,V
68.97,V
68.98,V
68.99,V
69,V
69.02,V
69.03,V
69.04,V
69.05,V
69.06,V
69.07,V
69.08,V
69.09,V
69.1,V
69.11,V
69.12,V
69.13,V
69.14,V
69.16,V
69.17,V
69.18,V
69.19,V
69.2,V
69.21,V
69.22,V
69.23,V
69.24,V
69.25,V
69.26,V
69.27,V
69.28,V
69.29,V
69.3,V
69.31,V
69.32,V
69.33,V
69.35,V
69.36,V
69.37,V
69.38,V
69.39,V
69.4,V
69.41,V
69.42,V
69.43,V
69.44,V
69.45,V
69.46,V
69.47,V
69.48,V
69.5,V
69.51,V
69.52,V
69.53,V
69.54,V
69.55,V
69.56,V
69.57,V
69.58,V
69.59,V
69.6,V
69.61,V
69.62,V
69.63,V
69.64,V
69.65,V
69.66,V
69.67,V
69.68,V
69.69,V
69.7,V
69.71,V
69.72,V
69.73,V
69.74,V
69.75,V
69.76,V
69.77,V
69.78,V
69.79,V
69.8,V
69.81,V
69.83,V
69.84,V
69.85,V
69.86,V
69.87,V
69.88,V
69.89,V
69.9,V
69.91,V
69.92,V
69.93,V
69.94,V
69.95,V
69.96,V
69.97,V
69.98,V
69.99,V
70,V
70.01,V
70.02,V
70.03,V
70.04,V
70.05,V
70.06,V
70.07,V
70.08,V
70.09,V
70.1,V
70.11,V
70.12,V
70.13,V
70.14,V
70.15,V
70.16,V
70.17,V
70.18,V
70.19,V
70.2,V
70.21,V
70.22,V
70.23,V
70.24,V
70.25,V
70.26,V
70.27,V
70.29,V
70.3,V
70.31,V
70.32,V
70.33,V
70.34,V
70.35,V
70.36,V
70.37,V
70.38,V
70.39,V
70.4,V
70.41,V
70.42,V
70.43,V
70.44,V
70.45,V
70.46,V
70.47,V
70.48,V
70.49,V
70.5,V
70.51,V
70.52,V
70.53,V
70.54,V
70.55,V
70.56,V
70.57,V
70.58,V
70.59,V
70.6,V
70.62,V
70.63,V
70.64,V
70.65,V
70.66,V
70.67,V
70.68,V
70.69,V
70.7,V
70.71,V
70.72,V
70.73,V
70.74,V
70.75,V
70.76,V
70.77,V
70.78,V
70.79,V
70.8,V
70.81,V
70.82,V
70.83,V
70.84,V
70.85,V
70.86,V
70.87,V
70.88,V
70.89,V
70.9,V
70.91,V
70.92,V
70.93,V
70.94,V
70.95,V
70.96,V
70.97,V
70.98,V
70.99,V
71,V
71.01,V
71.02,V
71.03,V
71.04,V
71.05,V
71.06,V
71.07,V
71.08,V
71.09,V
71.1,V
71.11,V
71.12,V
71.13,V
71.14,V
71.15,V
71.16,V
71.17,V
71.18,V
71.19,V
71.2,V
71.21,V
71.22,V
71.23,V
71.25,V
71.26,V
71.27,V
71.28,V
71.29,V
71.3,V
71.31,V
71.32,V
71.33,V
71.34,V
71.35,V
71.36,V
71.37,V
71.38,V
71.39,V
71.4,V
71.41,V
71.42,V
71.43,V
71.44,V
71.45,V
71.46,V
71.47,V
71.48,V
71.49,V
71.5,V
71.51,V
71.52,V
71.53,V
71.54,V
71.55,V
71.56,V
71.57,V
71.58,V
71.59,V
71.6,V
71.61,V
71.62,V
71.63,V
71.64,V
71.65,V
71.66,V
71.67,V
71.68,V
71.69,V
71.7,V
71.71,V
71.72,V
71.73,V
71.74,V
71.75,V
71.76,V
71.77,V
71.78,V
71.79,V
71.8,V
71.81,V
71.82,V
71.83,V
71.84,V
71.85,V
71.86,V
71.87,V
71.88,V
71.89,V
71.9,V
71.91,V
71.92,V
71.93,V
71.94,V
71.95,V
71.96,V
71.97,V
71.98,V
71.99,V
72,V
72.01,V
72.02,V
72.03,V
72.04,V
72.05,V
72.06,V
72.07,V
72.08,V
72.09,V
72.1,V
72.11,V
72.12,V
72.13,V
72.14,V
72.15,V
72.16,V
72.17,V
72.18,V
72.19,V
72.2,V
72.21,V
72.22,V
72.23,V
72.24,V
72.25,V
72.26,V
72.27,V
72.28,V
72.29,V
72.3,V
72.31,V
72.32,V
72.33,V
72.34,V
72.35,V
72.37,V
72.38,V
72.39,V
72.4,V
72.41,V
72.42,V
72.43,V
72.44,V
72.45,V
72.46,V
72.47,V
72.48,V
72.49,V
72.5,V
72.51,V
72.52,V
72.53,V
72.54,V
72.55,V
72.56,V
72.57,V
72.58,V
72.59,V
72.6,V
72.61,V
72.62,V
72.63,V
72.64,V
72.65,V
72.66,V
72.67,V
72.68,V
72.69,V
72.7,V
72.71,V
72.72,V
72.73,V
72.74,V
72.75,V
72.76,V
72.77,V
72.78,V
72.79,V
72.8,V
72.81,V
72.82,V
72.83,V
72.84,V
72.85,V
72.86,V
72.87,V
72.88,V
72.89,V
72.9,V
72.91,V
72.92,V
72.93,V
72.94,V
72.95,V
72.96,V
72.97,V
72.98,V
72.99,V
73,V
73.01,V
73.02,V
73.03,V
73.04,V
73.05,V
73.06,V
73.07,V
73.08,V
73.09,V
73.1,V
73.11,V
73.13,V
73.14,V
73.15,V
73.16,V
73.17,V
73.18,V
73.19,V
73.2,V
73.21,V
73.22,V
73.23,V
73.24,V
73.25,V
73.26,V
73.27,V
73.28,V
73.29,V
73.3,V
73.31,V
73.32,V
73.33,V
73.34,V
73.35,V
73.36,V
73.37,V
73.38,V
73.39,V
73.4,V
73.41,V
73.42,V
73.43,V
73.44,V
73.45,V
73.46,V
73.47,V
73.48,V
73.49,V
73.5,V
73.51,V
73.52,V
73.53,V
73.54,V
73.55,V
73.56,V
73.57,V
73.58,V
73.59,V
73.6,V
73.61,V
73.62,V
73.63,V
73.64,V
73.65,V
73.66,V
73.67,V
73.68,V
73.69,V
73.7,V
73.71,V
73.72,V
73.73,V
73.74,V
73.75,V
73.76,V
73.77,V
73.78,V
73.79,V
73.8,V
73.81,V
73.82,V
73.83,V
73.84,V
73.85,V
73.86,V
73.87,V
73.88,V
73.89,V
73.9,V
73.91,V
73.92,V
73.93,V
73.94,V
73.95,V
73.96,V
73.97,V
73.98,V
73.99,V
74,V
74.01,V
74.02,V
74.03,V
74.04,V
74.05,V
74.06,V
74.07,V
74.08,V
74.09,V
74.1,V
74.11,V
74.12,V
74.13,V
74.14,V
74.15,V
74.16,V
74.17,V
74.18,V
74.19,V
74.2,V
74.21,V
74.22,V
74.23,V
74.24,V
74.25,V
74.26,V
74.27,V
74.28,V
74.29,V
74.3,V
74.31,V
74.32,V
74.33,V
74.34,V
74.35,V
74.36,V
74.37,V
74.38,V
74.39,V
74.4,V
74.41,V
74.42,V
74.43,V
74.44,V
74.45,V
74.46,V
74.47,V
74.48,V
74.49,V
74.5,V
74.51,V
74.52,V
74.53,V
74.54,V
74.55,V
74.56,V
74.57,V
74.58,V
74.59,V
74.6,V
74.61,V
74.62,V
74.63,V
74.64,V
74.65,V
74.66,V
74.67,V
74.68,V
74.69,V
74.7,V
74.71,V
74.72,V
74.73,V
74.74,V
74.75,V
74.76,V
74.77,V
74.78,V
74.79,V
74.8,V
74.81,V
74.82,V
74.83,V
74.84,V
74.85,V
74.86,V
74.87,V
74.88,V
74.89,V
74.9,V
74.91,V
74.92,V
74.93,V
74.94,V
74.95,V
74.96,V
74.97,V
74.98,V
74.99,V
75,V
75.01,V
75.02,V
75.03,V
75.04,V
75.05,V
75.06,V
75.07,V
75.08,V
75.09,V
75.1,V
75.11,V
75.12,V
75.13,V
75.14,V
75.15,V
75.16,V
75.17,V
75.18,V
75.19,V
75.2,V
75.21,V
75.22,V
75.23,V
75.24,V
75.25,V
75.26,V
75.27,V
75.28,V
75.29,V
75.3,V
75.31,V
75.32,V
75.33,V
75.34,V
75.35,V
75.36,V
75.37,V
75.38,V
75.39,V
75.4,V
75.41,V
75.42,V
75.43,V
75.44,V
75.45,V
75.46,V
75.47,V
75.48,V
75.49,V
75.5,V
75.51,V
75.52,V
75.53,V
75.54,V
75.55,V
75.56,V
75.57,V
75.58,V
75.59,V
75.6,V
75.61,V
75.62,V
75.63,V
75.64,V
75.65,V
75.66,V
75.67,V
75.68,V
75.69,V
75.7,V
75.71,V
75.72,V
75.73,V
75.74,V
75.75,V
75.76,V
75.77,V
75.78,V
75.79,V
75.8,V
75.81,V
75.82,V
75.83,V
75.84,V
75.85,V
75.86,V
75.87,V
75.88,V
75.89,V
75.9,V
75.91,V
75.92,V
75.93,V
75.94,V
75.95,V
75.96,V
75.97,V
75.98,V
75.99,V
76,V
76.01,V
76.02,V
76.03,V
76.04,V
76.05,V
76.06,V
76.07,V
76.08,V
76.09,V
76.1,V
76.11,V
76.12,V
76.13,V
76.14,V
76.15,V
76.16,V
76.17,V
76.18,V
76.19,V
76.2,V
76.21,V
76.22,V
76.23,V
76.24,V
76.25,V
76.26,V
76.27,V
76.28,V
76.29,V
76.3,V
76.31,V
76.32,V
76.33,V
76.34,V
76.35,V
76.36,V
76.37,V
76.38,V
76.39,V
76.4,V
76.41,V
76.42,V
76.43,V
76.44,V
76.45,V
76.46,V
76.47,V
76.48,V
76.49,V
76.5,V
76.51,V
76.52,V
76.53,V
76.54,V
76.55,V
76.56,V
76.57,V
76.58,V
76.59,V
76.6,V
76.61,V
76.62,V
76.63,V
76.64,V
76.65,V
76.66,V
76.67,V
76.68,V
76.69,V
76.7,V
76.71,V
76.72,V
76.73,V
76.74,V
76.75,V
76.76,V
76.77,V
76.78,V
76.79,V
76.8,V
76.81,V
76.82,V
76.83,V
76.84,V
76.85,V
76.86,V
76.87,V
76.88,V
76.89,V
76.9,V
76.91,V
76.92,V
76.93,V
76.94,V
76.95,V
76.96,V
76.97,V
76.98,V
76.99,V
77,V
77.01,V
77.02,V
77.03,V
77.04,V
77.05,V
77.06,V
77.07,V
77.08,V
77.09,V
77.1,V
77.11,V
77.12,V
77.13,V
77.14,V
77.15,V
77.16,V
77.17,V
77.18,V
77.19,V
77.2,V
77.21,V
77.22,V
77.23,V
77.24,V
77.25,V
77.26,V
77.27,V
77.28,V
77.29,V
77.3,V
77.31,V
77.32,V
77.33,V
77.34,V
77.35,V
77.36,V
77.37,V
77.38,V
77.39,V
77.4,V
77.41,V
77.42,V
77.43,V
77.44,V
77.45,V
77.46,V
77.47,V
77.48,V
77.49,V
77.5,V
77.51,V
77.52,V
77.53,V
77.54,V
77.55,V
77.56,V
77.57,V
77.58,V
77.59,V
77.6,V
77.61,V
77.62,V
77.63,V
77.64,V
77.65,V
77.66,V
77.67,V
77.68,V
77.69,V
77.7,V
77.71,V
77.72,V
77.73,V
77.74,V
77.75,V
77.76,V
77.77,V
77.78,V
77.79,V
77.8,V
77.81,V
77.82,V
77.83,V
77.84,V
77.85,V
77.86,V
77.87,V
77.88,V
77.89,V
77.9,V
77.91,V
77.92,V
77.93,V
77.94,V
77.95,V
77.96,V
77.97,V
77.98,V
77.99,V
78,V
78.01,V
78.02,V
78.03,V
78.04,V
78.05,V
78.06,V
78.07,V
78.08,V
78.09,V
78.1,V
78.11,V
78.12,V
78.13,V
78.14,V
78.15,V
78.16,V
78.17,V
78.18,V
78.19,V
78.2,V
78.21,V
78.22,V
78.23,V
78.24,V
78.25,V
78.26,V
78.27,V
78.28,V
78.29,V
78.3,V
78.31,V
78.32,V
78.33,V
78.34,V
78.35,V
78.36,V
78.37,V
78.38,V
78.39,V
78.4,V
78.41,V
78.42,V
78.43,V
78.44,V
78.45,V
78.46,V
78.47,V
78.48,V
78.49,V
78.5,V
78.51,V
78.52,V
78.53,V
78.54,V
78.55,V
78.56,V
78.57,V
78.58,V
78.59,V
78.6,V
78.61,V
78.62,V
78.63,V
78.64,V
78.65,V
78.66,V
78.67,V
78.68,V
78.69,V
78.7,V
78.71,V
78.72,V
78.73,V
78.74,V
78.75,V
78.76,V
78.77,V
78.78,V
78.79,V
78.8,V
78.81,V
78.82,V
78.83,V
78.84,V
78.85,V
78.86,V
78.87,V
78.88,V
78.89,V
78.9,V
78.91,V
78.92,V
78.93,V
78.94,V
78.95,V
78.96,V
78.97,V
78.98,V
78.99,V
79,V
79.01,V
79.02,V
79.03,V
79.04,V
79.05,V
79.06,V
79.07,V
79.08,V
79.09,V
79.1,V
79.11,V
79.12,V
79.13,V
79.14,V
79.15,V
79.16,V
79.17,V
79.18,V
79.19,V
79.2,V
79.21,V
79.22,V
79.23,V
79.24,V
79.25,V
79.26,V
79.27,V
79.28,V
79.29,V
79.3,V
79.31,V
79.32,V
79.33,V
79.34,V
79.35,V
79.36,V
79.37,V
79.38,V
79.39,V
79.4,V
79.41,V
79.42,V
79.43,V
79.44,V
79.45,V
79.46,V
79.47,V
79.48,V
79.49,V
79.5,V
79.51,V
79.52,V
79.53,V
79.54,V
79.55,V
79.56,V
79.57,V
79.58,V
79.59,V
79.6,V
79.61,V
79.62,V
79.63,V
79.64,V
79.65,V
79.66,V
79.67,V
79.68,V
79.69,V
79.7,V
79.71,V
79.72,V
79.73,V
79.74,V
79.75,V
79.76,V
79.77,V
79.78,V
79.79,V
79.8,V
79.81,V
79.82,V
79.83,V
79.84,V
79.85,V
79.86,V
79.87,V
79.88,V
79.89,V
79.9,V
79.91,V
79.92,V
79.93,V
79.94,V
79.95,V
79.96,V
79.97,V
79.98,V
79.99,V
80,V
80.01,V
80.02,V
80.03,V
80.04,V
80.05,V
80.06,V
80.07,V
80.08,V
80.09,V
80.1,V
80.11,V
80.12,V
80.13,V
80.14,V
80.15,V
80.16,V
80.17,V
80.18,V
80.19,V
80.2,V
80.21,V
80.22,V
80.23,V
80.24,V
80.25,V
80.26,V
80.27,V
80.28,V
80.29,V
80.3,V
80.31,V
80.32,V
80.33,V
80.35,V
80.36,V
80.37,V
80.38,V
80.39,V
80.4,V
80.41,V
80.42,V
80.43,V
80.44,V
80.45,V
80.46,V
80.47,V
80.48,V
80.49,V
80.5,V
80.51,V
80.52,V
80.53,V
80.54,V
80.55,V
80.56,V
80.57,V
80.58,V
80.59,V
80.6,V
80.61,V
80.62,V
80.63,V
80.64,V
80.65,V
80.66,V
80.67,V
80.68,V
80.69,V
80.7,V
80.71,V
80.72,V
80.73,V
80.74,V
80.75,V
80.76,V
80.77,V
80.78,V
80.79,V
80.8,V
80.81,V
80.82,V
80.83,V
80.84,V
80.85,V
80.86,V
80.87,V
80.88,V
80.89,V
80.9,V
80.91,V
80.92,V
80.93,V
80.94,V
80.95,V
80.96,V
80.97,V
80.98,V
80.99,V
81,V
81.01,V
81.02,V
81.03,V
81.04,V
81.05,V
81.06,V
81.07,V
81.08,V
81.09,V
81.1,V
81.11,V
81.12,V
81.13,V
81.14,V
81.15,V
81.16,V
81.17,V
81.18,V
81.19,V
81.2,V
81.21,V
81.22,V
81.23,V
81.24,V
81.25,V
81.26,V
81.27,V
81.28,V
81.29,V
81.3,V
81.31,V
81.32,V
81.33,V
81.34,V
81.36,V
81.37,V
81.38,V
81.39,V
81.4,V
81.41,V
81.42,V
81.43,V
81.44,V
81.45,V
81.46,V
81.47,V
81.48,V
81.49,V
81.5,V
81.51,V
81.52,V
81.53,V
81.54,V
81.55,V
81.56,V
81.57,V
81.58,V
81.59,V
81.6,V
81.61,V
81.62,V
81.63,V
81.64,V
81.65,V
81.66,V
81.67,V
81.68,V
81.69,V
81.7,V
81.71,V
81.72,V
81.73,V
81.74,V
81.75,V
81.76,V
81.77,V
81.78,V
81.79,V
81.8,V
81.81,V
81.82,V
81.83,V
81.84,V
81.85,V
81.86,V
81.87,V
81.88,V
81.89,V
81.9,V
81.91,V
81.92,V
81.93,V
81.94,V
81.95,V
81.96,V
81.97,V
81.98,V
81.99,V
82,V
82.01,V
82.02,V
82.03,V
82.04,V
82.05,V
82.06,V
82.07,V
82.08,V
82.09,V
82.1,V
82.11,V
82.12,V
82.13,V
82.14,V
82.15,V
82.16,V
82.17,V
82.18,V
82.19,V
82.2,V
82.21,V
82.22,V
82.23,V
82.24,V
82.25,V
82.26,V
82.27,V
82.28,V
82.29,V
82.3,V
82.31,V
82.32,V
82.33,V
82.34,V
82.35,V
82.36,V
82.37,V
82.38,V
82.39,V
82.4,V
82.41,V
82.42,V
82.43,V
82.44,V
82.45,V
82.46,V
82.47,V
82.48,V
82.49,V
82.5,V
82.51,V
82.52,V
82.53,V
82.54,V
82.55,V
82.56,V
82.57,V
82.58,V
82.59,V
82.6,V
82.61,V
82.62,V
82.63,V
82.64,V
82.65,V
82.66,V
82.67,V
82.68,V
82.69,V
82.7,V
82.71,V
82.72,V
82.73,V
82.74,V
82.75,V
82.76,V
82.77,V
82.78,V
82.79,V
82.8,V
82.81,V
82.82,V
82.83,V
82.84,V
82.85,V
82.86,V
82.87,V
82.88,V
82.89,V
82.9,V
82.91,V
82.92,V
82.93,V
82.94,V
82.95,V
82.96,V
82.97,V
82.98,V
82.99,V
83,V
83.01,V
83.02,V
83.03,V
83.04,V
83.05,V
83.06,V
83.07,V
83.08,V
83.09,V
83.1,V
83.11,V
83.12,V
83.13,V
83.14,V
83.15,V
83.16,V
83.17,V
83.18,V
83.19,V
83.2,V
83.21,V
83.22,V
83.23,V
83.24,V
83.25,V
83.26,V
83.27,V
83.28,V
83.29,V
83.3,V
83.31,V
83.32,V
83.34,V
83.35,V
83.36,V
83.37,V
83.38,V
83.39,V
83.4,V
83.41,V
83.43,V
83.44,V
83.45,V
83.46,V
83.47,V
83.48,V
83.49,V
83.5,V
83.51,V
83.52,V
83.53,V
83.55,V
83.56,V
83.57,V
83.58,V
83.59,V
83.6,V
83.61,V
83.62,V
83.63,V
83.64,V
83.65,V
83.66,V
83.67,V
83.68,V
83.69,V
83.7,V
83.71,V
83.72,V
83.74,V
83.75,V
83.76,V
83.77,V
83.78,V
83.79,V
83.8,V
83.81,V
83.82,V
83.83,V
83.84,V
83.85,V
83.86,V
83.87,V
83.88,V
83.9,V
83.92,V
83.93,V
83.94,V
83.96,V
83.97,V
83.98,V
83.99,V
84,V
84.01,V
84.02,V
84.03,V
84.04,V
84.05,V
84.06,V
84.08,V
84.09,V
84.1,V
84.11,V
84.12,V
84.13,V
84.14,V
84.15,V
84.16,V
84.17,V
84.18,V
84.2,V
84.21,V
84.22,V
84.23,V
84.25,V
84.26,V
84.27,V
84.28,V
84.29,V
84.3,V
84.31,V
84.32,V
84.33,V
84.34,V
84.35,V
84.36,V
84.37,V
84.38,V
84.39,V
84.4,V
84.41,V
84.42,V
84.43,V
84.44,V
84.45,V
84.46,V
84.47,V
84.48,V
84.49,V
84.5,V
84.51,V
84.52,V
84.53,V
84.54,V
84.55,V
84.56,V
84.57,V
84.58,V
84.59,V
84.6,V
84.61,V
84.62,V
84.64,V
84.65,V
84.68,V
84.69,V
84.71,V
84.72,V
84.74,V
84.75,V
84.76,V
84.78,V
84.79,V
84.8,V
84.81,V
84.83,V
84.84,V
84.85,V
84.86,V
84.88,V
84.9,V
84.91,V
84.92,V
84.94,V
84.95,V
84.96,V
84.97,V
84.98,V
84.99,V
85.01,V
85.02,V
85.03,V
85.05,V
85.06,V
85.07,V
85.08,V
85.09,V
85.1,V
85.11,V
85.14,V
85.15,V
85.17,V
85.18,V
85.19,V
85.2,V
85.21,V
85.22,V
85.23,V
85.24,V
85.25,V
85.26,V
85.27,V
85.28,V
85.29,V
85.31,V
85.32,V
85.33,V
85.34,V
85.35,V
85.36,V
85.37,V
85.38,V
85.39,V
85.4,V
85.41,V
85.42,V
85.43,V
85.44,V
85.45,V
85.46,V
85.47,V
85.48,V
85.49,V
85.5,V
85.52,V
85.53,V
85.54,V
85.55,V
85.56,V
85.58,V
85.59,V
85.6,V
85.61,V
85.62,V
85.63,V
85.64,V
85.65,V
85.66,V
85.67,V
85.68,V
85.69,V
85.7,V
85.71,V
85.72,V
85.73,V
85.74,V
85.75,V
85.76,V
85.77,V
85.78,V
85.79,V
85.8,V
85.81,V
85.82,V
85.83,V
85.84,V
85.85,V
85.86,V
85.87,V
85.88,V
85.89,V
85.9,V
85.91,V
85.92,V
85.93,V
85.94,V
85.95,V
85.96,V
85.97,V
85.98,V
85.99,V
86,V
86.01,V
86.02,V
86.03,V
86.04,V
86.05,V
86.06,V
86.07,V
86.08,V
86.09,V
86.1,V
86.11,V
86.12,V
86.13,V
86.14,V
86.15,V
86.16,V
86.17,V
86.18,V
86.19,V
86.2,V
86.21,V
86.22,V
86.23,V
86.24,V
86.25,V
86.26,V
86.27,V
86.28,V
86.29,V
86.3,V
86.31,V
86.32,V
86.33,V
86.34,V
86.36,V
86.37,V
86.38,V
86.39,V
86.4,V
86.41,V
86.42,V
86.43,V
86.44,V
86.46,V
86.47,V
86.48,V
86.49,V
86.51,V
86.53,V
86.55,V
86.56,V
86.57,V
86.58,V
86.59,V
86.6,V
86.61,V
86.62,V
86.63,V
86.64,V
86.66,V
86.67,V
86.68,V
86.69,V
86.7,V
86.71,V
86.73,V
86.74,V
86.76,V
86.77,V
86.78,V
86.81,V
86.82,V
86.83,V
86.84,V
86.85,V
86.86,V
86.88,V
86.9,V
86.91,V
86.92,V
86.93,V
86.94,V
86.95,V
86.96,V
86.98,V
86.99,V
87,V
87.01,V
87.02,V
87.03,V
87.04,V
87.05,V
87.06,V
87.08,V
87.09,V
87.1,V
87.11,V
87.12,V
87.13,V
87.15,V
87.16,V
87.18,V
87.19,V
87.2,V
87.21,V
87.23,V
87.24,V
87.25,V
87.26,V
87.27,V
87.29,V
87.3,V
87.31,V
87.32,V
87.33,V
87.34,V
87.35,V
87.36,V
87.37,V
87.38,V
87.39,V
87.4,V
87.41,V
87.42,V
87.44,V
87.45,V
87.46,V
87.47,V
87.48,V
87.49,V
87.5,V
87.51,V
87.52,V
87.53,V
87.54,V
87.55,V
87.56,V
87.57,V
87.58,V
87.59,V
87.61,V
87.62,V
87.63,V
87.64,V
87.65,V
87.66,V
87.68,V
87.69,V
87.7,V
87.71,V
87.72,V
87.73,V
87.74,V
87.75,V
87.76,V
87.77,V
87.78,V
87.79,V
87.8,V
87.81,V
87.82,V
87.83,V
87.84,V
87.85,V
87.87,V
87.88,V
87.89,V
87.9,V
87.91,V
87.92,V
87.93,V
87.94,V
87.95,V
87.96,V
87.97,V
87.98,V
87.99,V
88,V
88.01,V
88.02,V
88.03,V
88.04,V
88.05,V
88.06,V
88.07,V
88.08,V
88.09,V
88.1,V
88.11,V
88.12,V
88.13,V
88.14,V
88.15,V
88.16,V
88.17,V
88.18,V
88.19,V
88.2,V
88.21,V
88.22,V
88.23,V
88.24,V
88.25,V
88.26,V
88.27,V
88.28,V
88.29,V
88.3,V
88.31,V
88.32,V
88.33,V
88.34,V
88.35,V
88.36,V
88.37,V
88.38,V
88.39,V
88.4,V
88.41,V
88.42,V
88.43,V
88.45,V
88.46,V
88.47,V
88.48,V
88.49,V
88.5,V
88.52,V
88.54,V
88.55,V
88.56,V
88.58,V
88.59,V
88.6,V
88.61,V
88.62,V
88.63,V
88.64,V
88.65,V
88.66,V
88.67,V
88.68,V
88.69,V
88.7,V
88.71,V
88.72,V
88.73,V
88.74,V
88.76,V
88.77,V
88.78,V
88.79,V
88.8,V
88.81,V
88.82,V
88.83,V
88.84,V
88.85,V
88.86,V
88.87,V
88.88,V
88.89,V
88.9,V
88.91,V
88.92,V
88.93,V
88.94,V
88.95,V
88.96,V
88.97,V
88.98,V
88.99,V
89,V
89.01,V
89.02,V
89.03,V
89.04,V
89.05,V
89.06,V
89.07,V
89.08,V
89.09,V
89.1,V
89.11,V
89.12,V
89.13,V
89.14,V
89.15,V
89.16,V
89.17,V
89.18,V
89.19,V
89.2,V
89.21,V
89.22,V
89.23,V
89.24,V
89.25,V
89.27,V
89.28,V
89.29,V
89.3,V
89.32,V
89.33,V
89.35,V
89.36,V
89.37,V
89.38,V
89.39,V
89.4,V
89.42,V
89.43,V
89.44,V
89.45,V
89.46,V
89.48,V
89.49,V
89.51,V
89.52,V
89.53,V
89.55,V
89.56,V
89.57,V
89.58,V
89.59,V
89.6,V
89.61,V
89.62,V
89.63,V
89.64,V
89.65,V
89.66,V
89.67,V
89.68,V
89.69,V
89.7,V
89.71,V
89.72,V
89.73,V
89.74,V
89.75,V
89.76,V
89.77,V
89.78,V
89.79,V
89.8,V
89.81,V
89.82,V
89.83,V
89.84,V
89.85,V
89.86,V
89.87,V
89.88,V
89.89,V
89.9,V
89.91,V
89.92,V
89.93,V
89.94,V
89.95,V
89.96,V
89.97,V
89.98,V
89.99,V
90,V
90.01,V
90.02,V
90.03,V
90.04,V
90.05,V
90.06,V
90.07,V
90.08,V
90.09,V
90.1,V
90.11,V
90.12,V
90.13,V
90.14,V
90.15,V
90.16,V
90.17,V
90.18,V
90.19,V
90.2,V
90.21,V
90.22,V
90.23,V
90.25,V
90.26,V
90.27,V
90.28,V
90.29,V
90.3,V
90.31,V
90.32,V
90.33,V
90.34,V
90.35,V
90.36,V
90.38,V
90.39,V
90.4,V
90.41,V
90.42,V
90.43,V
90.44,V
90.45,V
90.46,V
90.47,V
90.48,V
90.49,V
90.5,V
90.51,V
90.52,V
90.53,V
90.54,V
90.55,V
90.56,V
90.57,V
90.58,V
90.59,V
90.6,V
90.61,V
90.62,V
90.63,V
90.64,V
90.65,V
90.66,V
90.67,V
90.68,V
90.69,V
90.7,V
90.71,V
90.72,V
90.73,V
90.74,V
90.75,V
90.76,V
90.77,V
90.78,V
90.79,V
90.8,V
90.81,V
90.82,V
90.83,V
90.84,V
90.85,V
90.86,V
90.87,V
90.88,V
90.89,V
90.9,V
91.03,V
91.11,V
91.14,V
91.25,V
91.46,V
91.56,V
91.66,V
91.87,V
91.98,V
92.08,V
92.19,V
92.29,V
92.4,V
92.5,V
92.61,V
92.64,V
92.71,V
92.82,V
92.92,V
93.03,V
93.34,V
93.55,V
93.67,V
93.75,V
93.83,V
93.92,V
94.02,V
94.07,V
94.13,V
94.3,V
94.36,V
94.42,V
94.47,V
94.54,V
94.61,V
94.63,V
94.71,V
94.8,V
94.95,V
95.05,V
95.06,V
95.14,V
95.23,V
95.33,V
95.44,V
95.54,V
95.58,V
95.96,V
96.12,V
96.23,V
96.56,V
96.59,V
96.69,V
96.8,V
96.88,V
96.9,V
97.01,V
97.11,V
97.22,V
97.32,V
97.53,V
97.63,V
97.68,V
97.74,V
97.93,V
97.95,V
98.05,V
98.08,V
98.16,V
98.19,V
98.2,V
98.26,V
98.37,V
98.47,V
98.79,V
98.84,V
98.89,V
98.9,V
98.98,V
99,V
99.05,V
99.1,V
99.2,V
99.21,V
99.26,V
99.31,V
99.42,V
99.52,V
99.63,V
99.73,V
99.83,V
99.94,V
100.04,V
100.05,V
100.15,V
100.25,V
100.36,V
100.46,V
100.47,V
100.67,V
101.53,V
101.61,V
101.78,V
101.82,V
101.93,V
102.09,V
102.23,V
102.38,V
102.56,V
102.66,V
102.76,V
102.77,V
103.03,V
103.36,V
103.72,V
104.08,V
104.11,V
104.4,V
104.83,V
105.14,V
105.55,V
105.66,V
105.68,V
